category,source_section,tender_no,tender_title,document_type,published,document_url
63,corrigendum:National Tenders,CJI2402P27,Amendment No. 03 Amendment No. 03,Amendment,07/09/2026,
63,corrigendum:National Tenders,CDC2440P27,Corrigendum No. 02 Corrigendum No. 02,Corrigendum,04/09/2026,
63,corrigendum:National Tenders,CDC2446P27,Corrigendum No. 01 Corrigendum No. 01,Corrigendum,04/09/2026,
63,corrigendum:National Tenders,CDH2516P27,Corrigendum No. 02 Corrigendum No. 02,Corrigendum,04/09/2026,
63,corrigendum:National Tenders,CJI2628P27,Amendment No. 01 Amendment No. 01,Amendment,03/09/2026,
63,corrigendum:National Tenders,CDC2406P27,Corrigendum No. 01 Corrigendum No. 01,Corrigendum,01/09/2026,
63,corrigendum:National Tenders,CDH2624P27,Pre-Bid Conference Pre-Bid Conference,Notification,01/09/2026,
63,corrigendum:National Tenders,CDI2513P27,Corrigendum No. 02 Corrigendum No. 02,Corrigendum,01/09/2026,
63,corrigendum:National Tenders,CDC2446P27,Minutes of Pre-Bid M... Minutes of Pre-Bid Meeting,Notification,26/08/2026,
63,corrigendum:National Tenders,CDC2440P27,Minutes of Pre-Bid M... Minutes of Pre-Bid Meeting,Notification,26/08/2026,
63,corrigendum:National Tenders,CJI2402P27,Amendment No. 03 Amendment No. 03,Amendment,07/09/2026,
63,corrigendum:National Tenders,CDC2440P27,Corrigendum No. 02 Corrigendum No. 02,Corrigendum,04/09/2026,
63,corrigendum:National Tenders,CDC2446P27,Corrigendum No. 01 Corrigendum No. 01,Corrigendum,04/09/2026,
63,corrigendum:National Tenders,CDH2516P27,Corrigendum No. 02 Corrigendum No. 02,Corrigendum,04/09/2026,
63,corrigendum:National Tenders,CJI2628P27,Amendment No. 01 Amendment No. 01,Amendment,03/09/2026,
63,corrigendum:National Tenders,CDC2406P27,Corrigendum No. 01 Corrigendum No. 01,Corrigendum,01/09/2026,
63,corrigendum:National Tenders,CDH2624P27,Pre-Bid Conference Pre-Bid Conference,Notification,01/09/2026,
63,corrigendum:National Tenders,CDI2513P27,Corrigendum No. 02 Corrigendum No. 02,Corrigendum,01/09/2026,
63,corrigendum:National Tenders,CDC2446P27,Minutes of Pre-Bid M... Minutes of Pre-Bid Meeting,Notification,26/08/2026,
63,corrigendum:National Tenders,CDC2440P27,Minutes of Pre-Bid M... Minutes of Pre-Bid Meeting,Notification,26/08/2026,
63,corrigendum:National Tenders,CDI2307P27,Corrigendum No. 03 Corrigendum No. 03,Corrigendum,25/08/2026,
63,corrigendum:National Tenders,CQI2639P27,Corrigendum No. 01 Corrigendum No. 01,Corrigendum,25/08/2026,
63,corrigendum:National Tenders,CQI2639P27,Tender Replacement N... Tender Replacement Notice,Notification,21/08/2026,
63,corrigendum:National Tenders,CDC2446P27,Notification Notification,Notification,22/08/2026,
63,corrigendum:National Tenders,CDC2440P27,Corrigendum No. 01 Corrigendum No. 01,Corrigendum,21/08/2026,
63,corrigendum:National Tenders,CJI2402P27,Amendment No. 02 Amendment No. 02,Amendment,21/08/2026,
63,corrigendum:National Tenders,CDI2513P27,Corrigendum No. 01 Corrigendum No. 01,Corrigendum,19/08/2026,
63,corrigendum:National Tenders,CDC2440P27,Notification Notification,Notification,17/08/2026,
63,corrigendum:National Tenders,CJI2402P27,Amendment No. 01 Amendment No. 01,Amendment,14/08/2026,
63,corrigendum:National Tenders,CDI2307P27,Corrigendum No. 02 Corrigendum No. 02,Corrigendum,13/08/2026,
63,corrigendum:National Tenders,CDH2516P27,Notification Notification,Notification,12/08/2026,
63,corrigendum:National Tenders,CDI2307P27,Corrigendum No. 01 Corrigendum No. 01,Corrigendum,04/08/2026,
64,corrigendum:Global Tenders,CEG1823P27,Amendment No. 06 Amendment No. 06,Amendment,03/09/2026,
64,corrigendum:Global Tenders,CDG2300P27,Amendment No. 03 Amendment No. 03,Amendment,02/09/2026,
64,corrigendum:Global Tenders,CEG2403P27,Amendment No. 01 Amendment No. 01,Amendment,02/09/2026,
64,corrigendum:Global Tenders,CEG1823P27,Amendment No. 05 Amendment No. 05,Amendment,02/09/2026,
64,corrigendum:Global Tenders,CDG2300P27,Amendment No. 02 Amendment No. 02,Amendment,26/08/2026,
64,corrigendum:Global Tenders,CDG2048P27,Amendment No. 05 Amendment No. 05,Amendment,24/08/2026,
64,corrigendum:Global Tenders,CEG2068P27,Corrigendum No. 04 Corrigendum No. 04,Corrigendum,24/08/2026,
64,corrigendum:Global Tenders,SSG2525P27,Amendment No. 01 Amendment No. 01,Amendment,19/08/2026,
64,corrigendum:Global Tenders,CEG1823P27,Amendment No. 04 Amendment No. 04,Amendment,20/08/2026,
64,corrigendum:Global Tenders,CDG2397P27,Corrigendum No. 02 Corrigendum No. 02,Corrigendum,20/08/2026,
64,corrigendum:Global Tenders,CEG1823P27,Amendment No. 06 Amendment No. 06,Amendment,03/09/2026,
64,corrigendum:Global Tenders,CDG2300P27,Amendment No. 03 Amendment No. 03,Amendment,02/09/2026,
64,corrigendum:Global Tenders,CEG2403P27,Amendment No. 01 Amendment No. 01,Amendment,02/09/2026,
64,corrigendum:Global Tenders,CEG1823P27,Amendment No. 05 Amendment No. 05,Amendment,02/09/2026,
64,corrigendum:Global Tenders,CDG2300P27,Amendment No. 02 Amendment No. 02,Amendment,26/08/2026,
64,corrigendum:Global Tenders,CDG2048P27,Amendment No. 05 Amendment No. 05,Amendment,24/08/2026,
64,corrigendum:Global Tenders,CEG2068P27,Corrigendum No. 04 Corrigendum No. 04,Corrigendum,24/08/2026,
64,corrigendum:Global Tenders,SSG2525P27,Amendment No. 01 Amendment No. 01,Amendment,19/08/2026,
64,corrigendum:Global Tenders,CEG1823P27,Amendment No. 04 Amendment No. 04,Amendment,20/08/2026,
64,corrigendum:Global Tenders,CDG2397P27,Corrigendum No. 02 Corrigendum No. 02,Corrigendum,20/08/2026,
64,corrigendum:Global Tenders,CDG2300P27,Amendment No. 01 Amendment No. 01,Amendment,04/08/2026,
64,corrigendum:Global Tenders,CDG2397P27,Amendment No. 01 Amendment No. 01,Amendment,01/08/2026,
64,corrigendum:Global Tenders,CDG2048P27,Amendment No. 04 Amendment No. 04,Amendment,01/08/2026,
64,corrigendum:Global Tenders,CEG2068P27,Corrigendum No. 03 Corrigendum No. 03,Corrigendum,28/07/2026,
64,corrigendum:Global Tenders,CEG2068P27,Corrigendum No. 02 Corrigendum No. 02,Corrigendum,28/07/2026,
64,corrigendum:Global Tenders,CEG1823P27,Amendment No. 03 Amendment No. 03,Amendment,28/07/2026,
64,corrigendum:Global Tenders,CDG2300P27,Notification Notification,Notification,22/07/2026,
64,corrigendum:Global Tenders,CDG2048P27,Amendment No. 03 Amendment No. 03,Amendment,17/07/2026,
64,corrigendum:Global Tenders,CEG2068P27,Amendment No. 01 Amendment No. 01,Amendment,07/07/2026,
64,corrigendum:Global Tenders,CDG2048P27,Amendment No. 02 Amendment No. 02,Amendment,03/07/2026,
64,corrigendum:Global Tenders,CEG1823P27,Amendment No. 02 Amendment No. 02,Amendment,03/07/2026,
64,corrigendum:Global Tenders,CDG2048P27,Amendment No. 01 Amendment No. 01,Amendment,19/06/2026,
64,corrigendum:Global Tenders,CEG1823P27,Amendment No. 01 Amendment No. 01,Amendment,30/05/2026,
65,corrigendum:Limited Tenders,CGI2585L27,Corrigendum No. 01 Corrigendum No. 01,Corrigendum,04/09/2026,
65,corrigendum:Limited Tenders,CGI2583L27,Corrigendum No. 01 Corrigendum No. 01,Corrigendum,04/09/2026,
65,corrigendum:Limited Tenders,CGI2586L27,Corrigendum No. 01 Corrigendum No. 01,Corrigendum,04/09/2026,
65,corrigendum:Limited Tenders,ECP2562L27,Corrigendum No. 02 Corrigendum No. 02,Corrigendum,02/09/2026,
65,corrigendum:Limited Tenders,ECP2562L27,Corrigendum No. 01 Corrigendum No. 01,Corrigendum,26/08/2026,
65,corrigendum:Limited Tenders,CGI2585L27,Corrigendum No. 01 Corrigendum No. 01,Corrigendum,04/09/2026,
65,corrigendum:Limited Tenders,CGI2583L27,Corrigendum No. 01 Corrigendum No. 01,Corrigendum,04/09/2026,
65,corrigendum:Limited Tenders,CGI2586L27,Corrigendum No. 01 Corrigendum No. 01,Corrigendum,04/09/2026,
65,corrigendum:Limited Tenders,ECP2562L27,Corrigendum No. 02 Corrigendum No. 02,Corrigendum,02/09/2026,
65,corrigendum:Limited Tenders,ECP2562L27,Corrigendum No. 01 Corrigendum No. 01,Corrigendum,26/08/2026,
124,corrigendum:GeM Tenders,GEM/2026/B/7926244,Corrigendum No. 01 Corrigendum No. 01,Corrigendum,08/09/2026,
124,corrigendum:GeM Tenders,GEM/2026/B/7902194,Corrigendum No. 1 Corrigendum No. 1,Corrigendum,07/09/2026,
124,corrigendum:GeM Tenders,GEM/2026/B/7959207,Amendment No. 01 Amendment No. 01,Amendment,07/09/2026,
124,corrigendum:GeM Tenders,GEM/2026/B/7677715,Corrigendum No. 06 Corrigendum No. 06,Corrigendum,07/09/2026,
124,corrigendum:GeM Tenders,GEM/2026/B/7928521,Corrigendum No. 01 Corrigendum No. 01,Corrigendum,07/09/2026,
124,corrigendum:GeM Tenders,GEM/2026/B/7861808,Corrigendum No. 2 Corrigendum No. 2,Corrigendum,07/09/2026,
124,corrigendum:GeM Tenders,GEM/2026/B/7896295,Corrigendum No. 01 Corrigendum No. 01,Corrigendum,02/09/2026,
124,corrigendum:GeM Tenders,GEM/2026/B/7841968,Corrigendum No. 02 Corrigendum No. 02,Corrigendum,04/09/2026,
124,corrigendum:GeM Tenders,GEM/2026/B/7922319,Corrigendum No. 01 Corrigendum No. 01,Corrigendum,03/09/2026,
124,corrigendum:GeM Tenders,GEM/2026/B/7700554,Corrigendum No. 05 Corrigendum No. 05,Corrigendum,02/09/2026,
124,corrigendum:GeM Tenders,GEM/2026/B/7926244,Corrigendum No. 01 Corrigendum No. 01,Corrigendum,08/09/2026,
124,corrigendum:GeM Tenders,GEM/2026/B/7902194,Corrigendum No. 1 Corrigendum No. 1,Corrigendum,07/09/2026,
124,corrigendum:GeM Tenders,GEM/2026/B/7959207,Amendment No. 01 Amendment No. 01,Amendment,07/09/2026,
124,corrigendum:GeM Tenders,GEM/2026/B/7677715,Corrigendum No. 06 Corrigendum No. 06,Corrigendum,07/09/2026,
124,corrigendum:GeM Tenders,GEM/2026/B/7928521,Corrigendum No. 01 Corrigendum No. 01,Corrigendum,07/09/2026,
124,corrigendum:GeM Tenders,GEM/2026/B/7861808,Corrigendum No. 2 Corrigendum No. 2,Corrigendum,07/09/2026,
124,corrigendum:GeM Tenders,GEM/2026/B/7896295,Corrigendum No. 01 Corrigendum No. 01,Corrigendum,02/09/2026,
124,corrigendum:GeM Tenders,GEM/2026/B/7841968,Corrigendum No. 02 Corrigendum No. 02,Corrigendum,04/09/2026,
124,corrigendum:GeM Tenders,GEM/2026/B/7922319,Corrigendum No. 01 Corrigendum No. 01,Corrigendum,03/09/2026,
124,corrigendum:GeM Tenders,GEM/2026/B/7700554,Corrigendum No. 05 Corrigendum No. 05,Corrigendum,02/09/2026,
124,corrigendum:GeM Tenders,GEM/2026/B/7887970,Corrigendum No. 01 Corrigendum No. 01,Corrigendum,02/09/2026,
124,corrigendum:GeM Tenders,GEM/2026/B/7969823,Corrigendum No. 01 Corrigendum No. 01,Corrigendum,01/09/2026,
124,corrigendum:GeM Tenders,GEM/2026/B/7938280,Amendment No. 01 Amendment No. 01,Amendment,31/08/2026,
124,corrigendum:GeM Tenders,GEM/2026/B/7914442,Corrigendum No. 01 Corrigendum No. 01,Corrigendum,31/08/2026,
124,corrigendum:GeM Tenders,GEM/2026/B/7892523,Amendment No. 01 Amendment No. 01,Amendment,31/08/2026,
124,corrigendum:GeM Tenders,GEM/2026/B/7807615,Corrigendum No. 02 Corrigendum No. 02,Corrigendum,31/08/2026,
124,corrigendum:GeM Tenders,GEM/2026/B/7962825,Amendment No. 01 Amendment No. 01,Amendment,28/08/2026,
124,corrigendum:GeM Tenders,GEM/2026/B/7895247,Corrigendum No. 01 Corrigendum No. 01,Corrigendum,29/08/2026,
124,corrigendum:GeM Tenders,GEM/2026/B/7969883,Corrigendum No. 01 Corrigendum No. 01,Corrigendum,28/08/2026,
124,corrigendum:GeM Tenders,GEM/2026/B/7965679,Cancellation Notific... Cancellation Notification,Notification,27/08/2026,
124,corrigendum:GeM Tenders,GEM/2026/B/7944785,Corrigendum No. 01 Corrigendum No. 01,Corrigendum,27/08/2026,
124,corrigendum:GeM Tenders,GEM/2026/B/7919096,Notification Notification,Notification,26/08/2026,
124,corrigendum:GeM Tenders,GEM/2026/B/7850622,Corrigendum No. 01 Corrigendum No. 01,Corrigendum,26/08/2026,
124,corrigendum:GeM Tenders,GEM/2026/B/7930734,Amendment No. 01 Amendment No. 01,Amendment,26/08/2026,
124,corrigendum:GeM Tenders,GEM/2026/B/7561254,Amendment No. 07 Amendment No. 07,Amendment,26/08/2026,
124,corrigendum:GeM Tenders,GEM/2026/B/7850972,Corrigendum No. 02 Corrigendum No. 02,Corrigendum,26/08/2026,
124,corrigendum:GeM Tenders,GEM/2026/B/7611057,Corrigendum No. 03 Corrigendum No. 03,Corrigendum,26/08/2026,
124,corrigendum:GeM Tenders,GEM/2026/B/7677715,Corrigendum No. 05 Corrigendum No. 05,Corrigendum,21/08/2026,
124,corrigendum:GeM Tenders,GEM/2026/B/7871815,Corrigendum No. 01 Corrigendum No. 01,Corrigendum,25/08/2026,
124,corrigendum:GeM Tenders,GEM/2026/B/7902194,Notification of Pre-... Notification of Pre-Bid,Notification,24/08/2026,
124,corrigendum:GeM Tenders,GEM/2026/B/7909830,Notification Notification,Notification,24/08/2026,
124,corrigendum:GeM Tenders,GEM/2026/B/7861808,Corrigendum No. 02 Corrigendum No. 02,Corrigendum,24/08/2026,
124,corrigendum:GeM Tenders,GEM/2026/B/7949984,Amendment No. 01 Amendment No. 01,Amendment,22/08/2026,
124,corrigendum:GeM Tenders,GEM/2026/B/7700554,Corrigendum No. 04 Corrigendum No. 04,Corrigendum,20/08/2026,
124,corrigendum:GeM Tenders,GEM/2026/B/7841968,Corrigendum No. 01 Corrigendum No. 01,Corrigendum,20/08/2026,
124,corrigendum:GeM Tenders,GEM/2026/B/7841968,Minutes of Pre-Bid M... Minutes of Pre-Bid Meeting,Notification,20/08/2026,
124,corrigendum:GeM Tenders,GEM/2026/B/7677715,Corrigendum No. 03 Corrigendum No. 03,Corrigendum,18/08/2026,
124,corrigendum:GeM Tenders,GEM/2026/B/7861808,Corrigendum No. 01 Corrigendum No. 01,Corrigendum,18/08/2026,
124,corrigendum:GeM Tenders,GEM/2026/B/7807615,Corrigendum No. 01 Corrigendum No. 01,Corrigendum,19/08/2026,
124,corrigendum:GeM Tenders,GEM/2026/B/7914336,Corrigendum No. 01 Corrigendum No. 01,Corrigendum,14/08/2026,
124,corrigendum:GeM Tenders,GEM/2026/B/7850972,Corrigendum No. 01 Corrigendum No. 01,Corrigendum,13/08/2026,
124,corrigendum:GeM Tenders,GEM/2026/B/7909830,Corrigendum No. 01 Corrigendum No. 01,Corrigendum,12/08/2026,
124,corrigendum:GeM Tenders,GEM/2026/B/7561254,Amendment No. 06 Amendment No. 06,Amendment,11/08/2026,
124,corrigendum:GeM Tenders,GEM/2026/B/7902194,Corrigendum No. 01 Corrigendum No. 01,Corrigendum,11/08/2026,
124,corrigendum:GeM Tenders,GEM/2026/B/7861808,Notification Notification,Notification,10/08/2026,
124,corrigendum:GeM Tenders,GEM/2026/B/7850622,Notification Notification,Notification,07/08/2026,
124,corrigendum:GeM Tenders,GEM/2026/B/7700554,Corrigendum No. 03 Corrigendum No. 03,Corrigendum,06/08/2026,
124,corrigendum:GeM Tenders,GEM/2026/B/7677715,Corrigendum No. 02 Corrigendum No. 02,Corrigendum,06/08/2026,
124,corrigendum:GeM Tenders,GEM/2026/B/7841968,Notification No. 02 Notification No. 02,Notification,06/08/2026,
124,corrigendum:GeM Tenders,GEM/2026/B/7841968,Notification No. 01 Notification No. 01,Notification,30/07/2026,
124,corrigendum:GeM Tenders,GEM/2026/B/7611057,Corrigendum No. 02 Corrigendum No. 02,Corrigendum,30/07/2026,
124,corrigendum:GeM Tenders,GEM/2026/B/7611057,Corrigendum No. 01 Corrigendum No. 01,Corrigendum,29/07/2026,
124,corrigendum:GeM Tenders,GEM/2026/B/7561254,Amendment No. 05 Amendment No. 05,Amendment,29/07/2026,
124,corrigendum:GeM Tenders,GEM/2026/B/7677715,Corrigendum No. 01 Corrigendum No. 01,Corrigendum,27/07/2026,
124,corrigendum:GeM Tenders,GEM/2026/B/7700554,Corrigendum No. 02 Corrigendum No. 02,Corrigendum,23/07/2026,
124,corrigendum:GeM Tenders,GEM/2026/B/7561254,Amendment No. 04 Amendment No. 04,Amendment,21/07/2026,
124,corrigendum:GeM Tenders,GEM/2026/B/7561254,Amendment No. 03 Amendment No. 03,Amendment,15/07/2026,
124,corrigendum:GeM Tenders,GEM/2026/B/7700554,Corrigendum No. 01 Corrigendum No. 01,Corrigendum,10/07/2026,
124,corrigendum:GeM Tenders,GEM/2026/B/7561254,Amendment No. 02 Amendment No. 02,Amendment,01/07/2026,
124,corrigendum:GeM Tenders,GEM/2026/B/7561254,Amendment No. 01 Amendment No. 01,Amendment,17/06/2026,
