source_section,cols,values,document_url,source_url
eoi,Sr. No. | Title | Expression of interest No | Submission Date | Published Date | Details,"1 | Hiring of Gas Compre... Hiring of Gas Compression Services and delivery of compressed gas to OIL's pipeline for OIL's operational areas in Arunachal Pradesh for a period of 02 (Two) years, and extendable by 01 (One) year at the discretion of Company Management. | EOI/GMS/COMP-KUM/01/2026 | 15/09/2026 | 08/09/2026 02:37 PM | Details",,https://www.oil-india.com/expressions-interest-list
eoi,Sr. No. | Title | Expression of interest No | Submission Date | Published Date | Details,"2 | Notice Inviting ""Exp... Notice Inviting ""Expression of Interest (EOI)"" for empanelment of Vendor for Annual Maintenance Contract (AMC) services of all CNC Machines at Central Workshop, Field Engineering Department, Oil India Limited. | FE/CWS/EOI/C.7(A)/112/2026 | 05/10/2026 | 02/09/2026 08:34 AM | Details",,https://www.oil-india.com/expressions-interest-list
eoi,Sr. No. | Title | Expression of interest No | Submission Date | Published Date | Details,3 | Operation & Main... Operation & Maintenance (O&M) Services of 01 no. Hydraulic Workover Unit (HWU) with Snubbing Capability of Oil India Limited for a period of 04 years. | EOI/PSS/WO/HWU/001/2026 | 11/09/2026 | 08/08/2026 08:15 AM | Details,,https://www.oil-india.com/expressions-interest-list
eoi,Sr. No. | Title | Expression of interest No | Submission Date | Published Date | Details,4 | Import substitution ... Import substitution of items and vendor base expansion by Indigenous development. | INDEG/OIL/EOI/07/1648/Phase I - XXX – 2026-27 | 31/10/2026 | 14/07/2026 04:30 PM | Details,,https://www.oil-india.com/expressions-interest-list
eoi,Sr. No. | Title | Expression of interest No | Submission Date | Published Date | Details,5 | Expression of Intere... Expression of Interest (EOI) for Shortlisting of Vendors for Procurement of Cased Hole Logging Unit along with Logging Tools and accessories. | EOI/WLG/CHLU/01/2026-2027 | 16/09/2026 | 08/07/2026 04:00 PM | Details,,https://www.oil-india.com/expressions-interest-list
eoi,Sr. No. | Title | Expression of interest No | Submission Date | Published Date | Details,"1 | Hiring of Gas Compre... Hiring of Gas Compression Services and delivery of compressed gas to OIL's pipeline for OIL's operational areas in Arunachal Pradesh for a period of 02 (Two) years, and extendable by 01 (One) year at the discretion of Company Management. | EOI/GMS/COMP-KUM/01/2026 | 15/09/2026 | 08/09/2026 02:37 PM | Details",,https://www.oil-india.com/expressions-interest-list?page=1&op=
eoi,Sr. No. | Title | Expression of interest No | Submission Date | Published Date | Details,"2 | Notice Inviting ""Exp... Notice Inviting ""Expression of Interest (EOI)"" for empanelment of Vendor for Annual Maintenance Contract (AMC) services of all CNC Machines at Central Workshop, Field Engineering Department, Oil India Limited. | FE/CWS/EOI/C.7(A)/112/2026 | 05/10/2026 | 02/09/2026 08:34 AM | Details",,https://www.oil-india.com/expressions-interest-list?page=1&op=
eoi,Sr. No. | Title | Expression of interest No | Submission Date | Published Date | Details,3 | Operation & Main... Operation & Maintenance (O&M) Services of 01 no. Hydraulic Workover Unit (HWU) with Snubbing Capability of Oil India Limited for a period of 04 years. | EOI/PSS/WO/HWU/001/2026 | 11/09/2026 | 08/08/2026 08:15 AM | Details,,https://www.oil-india.com/expressions-interest-list?page=1&op=
eoi,Sr. No. | Title | Expression of interest No | Submission Date | Published Date | Details,4 | Import substitution ... Import substitution of items and vendor base expansion by Indigenous development. | INDEG/OIL/EOI/07/1648/Phase I - XXX – 2026-27 | 31/10/2026 | 14/07/2026 04:30 PM | Details,,https://www.oil-india.com/expressions-interest-list?page=1&op=
eoi,Sr. No. | Title | Expression of interest No | Submission Date | Published Date | Details,5 | Expression of Intere... Expression of Interest (EOI) for Shortlisting of Vendors for Procurement of Cased Hole Logging Unit along with Logging Tools and accessories. | EOI/WLG/CHLU/01/2026-2027 | 16/09/2026 | 08/07/2026 04:00 PM | Details,,https://www.oil-india.com/expressions-interest-list?page=1&op=
