category,source_section,sr_no,tender_no,tender_title,location,pre_bid_date,bid_closing_date,bid_opening_date,list_page,source_url,detail_url
63,live:National Tenders,1,CDI2730P27,Hiring of services f... Hiring of services for carrying out the interior works of Conference room at Intermediate Tank Farm (ITF)- TENGAKHAT.,Duliajan,-,24/09/2026 11:00 AM,24/09/2026 02:00 PM,0,https://www.oil-india.com/tender-list/63,https://www.oil-india.com/tender-details/63?in_detail=NzBhK3RRPT0=
63,live:National Tenders,2,CJI2628P27,"Hiring of ""Works Con... Hiring of ""Works Contract"" for Revamping of Heating, Ventilation and Air Conditioning (HVAC) System (Design, Supply, Installation, Testing and Commissioning (SITC) of a new VRF-based HVAC system) alongwith Comprehensive Annual Maintenance Contract (CAMC) for HVAC System for period of Three (03) Years after completion of Defects Liability Period (DLP) of one (1) year from the date of successful commissioning and handover.",Jodhpur,-,22/09/2026 03:00 PM,22/09/2026 03:30 PM,0,https://www.oil-india.com/tender-list/63,https://www.oil-india.com/tender-details/63?in_detail=NzBheHVBPT0=
63,live:National Tenders,3,SDI2506P27,SUPPLY OF FIREWOOD F... SUPPLY OF FIREWOOD FOR CREMATION.,Duliajan,-,16/09/2026 01:00 PM,16/09/2026 01:30 PM,0,https://www.oil-india.com/tender-list/63,https://www.oil-india.com/tender-details/63?in_detail=NzBheXVnPT0=
63,live:National Tenders,4,CQI2639P27,"EPCOM of 200 TPD Sou... EPCOM of 200 TPD Source Segregated Organic Fraction of Municipal Solid Waste (SSOF-MSW) based Compressed Biogas (CBG) Plant for Commercial use at Sambalpur, Odisha on Domestic Competitive Bidding Basis.",Noida,27/08/2026,11/09/2026 02:00 PM,11/09/2026 02:30 PM,0,https://www.oil-india.com/tender-list/63,https://www.oil-india.com/tender-details/63?in_detail=NzBhMXZRPT0=
63,live:National Tenders,5,SDI2366P27,Supply of Silver Sal... Supply of Silver Salver.,Duliajan,-,23/09/2026 11:00 AM,23/09/2026 02:00 PM,0,https://www.oil-india.com/tender-list/63,https://www.oil-india.com/tender-details/63?in_detail=NzBhMHVnPT0=
63,live:National Tenders,6,CDC2501P27,"Construction of a 10... Construction of a 10 ft high RCC-framed brick masonry boundary wall with overhead Concertina Coil mounted on ""Y""-shaped steel hangers along the incomplete stretches of the OIL land boundary for an approximate length of 3,183 metres, and repair, strengthening, and completion of the existing partially constructed boundary wall for an approximate length of 2,371 metres at Oil India Township, Moran, including the supply of all materials except cement.",Duliajan,-,10/09/2026 11:00 AM,10/09/2026 02:00 PM,0,https://www.oil-india.com/tender-list/63,https://www.oil-india.com/tender-details/63?in_detail=NzBhMHZ3PT0=
63,live:National Tenders,7,CDH2624P27,"Design, Development ... Design, Development and Implementation of a solution for G&G Analytics using GenAI for Oil India Limited (OIL).",Duliajan,03/09/2026,17/09/2026 11:00 AM,17/09/2026 02:00 PM,0,https://www.oil-india.com/tender-list/63,https://www.oil-india.com/tender-details/63?in_detail=NzBhMnRRPT0=
63,live:National Tenders,8,CDC2446P27,"Engineering, Procure... Engineering, Procurement, Construction and Commissioning of PEB Roof over Rig Building Heavy Equipment Maintenance Yard at NIA, Duliajan of Size L 34 Mtr x B 27 Mtr x EVH 8 Mtr with EOT Crane facility having 50 MT Primary Hoist including all Civil works, Electrical works etc. with supply of all materials.",Duliajan,24/08/2026,17/09/2026 11:00 AM,17/09/2026 02:00 PM,0,https://www.oil-india.com/tender-list/63,https://www.oil-india.com/tender-details/63?in_detail=NzBld3RBPT0=
63,live:National Tenders,9,SSI2502P27,SAFETY LEATHER BOOTS... SAFETY LEATHER BOOTS (ELECTRICAL) UNDER RATE CONTRACT FOR 2 YEARS.,Duliajan,-,09/09/2026 11:00 AM,09/09/2026 02:00 PM,0,https://www.oil-india.com/tender-list/63,https://www.oil-india.com/tender-details/63?in_detail=NzBleHZBPT0=
63,live:National Tenders,10,CDH2516P27,"Design, implementati... Design, implementation and support for Command-and-Control Centre & OT Data Lake project for OIL India Ltd.",Duliajan,24/08/2026,25/09/2026 11:00 AM,25/09/2026 02:00 PM,0,https://www.oil-india.com/tender-list/63,https://www.oil-india.com/tender-details/63?in_detail=NzBlenRRPT0=
63,live:National Tenders,1,CDI2730P27,Hiring of services f... Hiring of services for carrying out the interior works of Conference room at Intermediate Tank Farm (ITF)- TENGAKHAT.,Duliajan,-,24/09/2026 11:00 AM,24/09/2026 02:00 PM,1,https://www.oil-india.com/tender-list/63?page=1&op=,https://www.oil-india.com/tender-details/63?in_detail=NzBhK3RRPT0=
63,live:National Tenders,2,CJI2628P27,"Hiring of ""Works Con... Hiring of ""Works Contract"" for Revamping of Heating, Ventilation and Air Conditioning (HVAC) System (Design, Supply, Installation, Testing and Commissioning (SITC) of a new VRF-based HVAC system) alongwith Comprehensive Annual Maintenance Contract (CAMC) for HVAC System for period of Three (03) Years after completion of Defects Liability Period (DLP) of one (1) year from the date of successful commissioning and handover.",Jodhpur,-,22/09/2026 03:00 PM,22/09/2026 03:30 PM,1,https://www.oil-india.com/tender-list/63?page=1&op=,https://www.oil-india.com/tender-details/63?in_detail=NzBheHVBPT0=
63,live:National Tenders,3,SDI2506P27,SUPPLY OF FIREWOOD F... SUPPLY OF FIREWOOD FOR CREMATION.,Duliajan,-,16/09/2026 01:00 PM,16/09/2026 01:30 PM,1,https://www.oil-india.com/tender-list/63?page=1&op=,https://www.oil-india.com/tender-details/63?in_detail=NzBheXVnPT0=
63,live:National Tenders,4,CQI2639P27,"EPCOM of 200 TPD Sou... EPCOM of 200 TPD Source Segregated Organic Fraction of Municipal Solid Waste (SSOF-MSW) based Compressed Biogas (CBG) Plant for Commercial use at Sambalpur, Odisha on Domestic Competitive Bidding Basis.",Noida,27/08/2026,11/09/2026 02:00 PM,11/09/2026 02:30 PM,1,https://www.oil-india.com/tender-list/63?page=1&op=,https://www.oil-india.com/tender-details/63?in_detail=NzBhMXZRPT0=
63,live:National Tenders,5,SDI2366P27,Supply of Silver Sal... Supply of Silver Salver.,Duliajan,-,23/09/2026 11:00 AM,23/09/2026 02:00 PM,1,https://www.oil-india.com/tender-list/63?page=1&op=,https://www.oil-india.com/tender-details/63?in_detail=NzBhMHVnPT0=
63,live:National Tenders,6,CDC2501P27,"Construction of a 10... Construction of a 10 ft high RCC-framed brick masonry boundary wall with overhead Concertina Coil mounted on ""Y""-shaped steel hangers along the incomplete stretches of the OIL land boundary for an approximate length of 3,183 metres, and repair, strengthening, and completion of the existing partially constructed boundary wall for an approximate length of 2,371 metres at Oil India Township, Moran, including the supply of all materials except cement.",Duliajan,-,10/09/2026 11:00 AM,10/09/2026 02:00 PM,1,https://www.oil-india.com/tender-list/63?page=1&op=,https://www.oil-india.com/tender-details/63?in_detail=NzBhMHZ3PT0=
63,live:National Tenders,7,CDH2624P27,"Design, Development ... Design, Development and Implementation of a solution for G&G Analytics using GenAI for Oil India Limited (OIL).",Duliajan,03/09/2026,17/09/2026 11:00 AM,17/09/2026 02:00 PM,1,https://www.oil-india.com/tender-list/63?page=1&op=,https://www.oil-india.com/tender-details/63?in_detail=NzBhMnRRPT0=
63,live:National Tenders,8,CDC2446P27,"Engineering, Procure... Engineering, Procurement, Construction and Commissioning of PEB Roof over Rig Building Heavy Equipment Maintenance Yard at NIA, Duliajan of Size L 34 Mtr x B 27 Mtr x EVH 8 Mtr with EOT Crane facility having 50 MT Primary Hoist including all Civil works, Electrical works etc. with supply of all materials.",Duliajan,24/08/2026,17/09/2026 11:00 AM,17/09/2026 02:00 PM,1,https://www.oil-india.com/tender-list/63?page=1&op=,https://www.oil-india.com/tender-details/63?in_detail=NzBld3RBPT0=
63,live:National Tenders,9,SSI2502P27,SAFETY LEATHER BOOTS... SAFETY LEATHER BOOTS (ELECTRICAL) UNDER RATE CONTRACT FOR 2 YEARS.,Duliajan,-,09/09/2026 11:00 AM,09/09/2026 02:00 PM,1,https://www.oil-india.com/tender-list/63?page=1&op=,https://www.oil-india.com/tender-details/63?in_detail=NzBleHZBPT0=
63,live:National Tenders,10,CDH2516P27,"Design, implementati... Design, implementation and support for Command-and-Control Centre & OT Data Lake project for OIL India Ltd.",Duliajan,24/08/2026,25/09/2026 11:00 AM,25/09/2026 02:00 PM,1,https://www.oil-india.com/tender-list/63?page=1&op=,https://www.oil-india.com/tender-details/63?in_detail=NzBlenRRPT0=
63,live:National Tenders,11,CDC2440P27,"Engineering, Procure... Engineering, Procurement, Construction and Commissioning of PEB Workshop of Size L 57 Mtr x B 16 Mtr x EVH 12 Mtr with EOT Crane facility having 10 MT Primary Hoist and 5 MT Auxiliary Hoist including internal electrification and supply of all materials, at Electrical Engineering Department, OIL, Duliajan.",Duliajan,19/08/2026,17/09/2026 11:00 AM,17/09/2026 02:00 PM,2,https://www.oil-india.com/tender-list/63?page=2&op=,https://www.oil-india.com/tender-details/63?in_detail=NzBlenV3PT0=
63,live:National Tenders,12,CDC2406P27,INTERIOR DECORATION ... INTERIOR DECORATION & RENOVATION OF D&S OFFICE OF CIVIL ENGINEERING DEPARTMENT.,Duliajan,-,10/09/2026 11:00 AM,10/09/2026 02:00 PM,2,https://www.oil-india.com/tender-list/63?page=2&op=,https://www.oil-india.com/tender-details/63?in_detail=NzBlenRBPT0=
63,live:National Tenders,13,CDI2513P27,"Hiring Service for D... Hiring Service for Design, Engineering, Manufacture, Supply, Testing & Commissioning of 33KV/11KV Grid Power Receiving Sub-Station at OIL Moran in LSTK-EPC basis.",Duliajan,27/08/2026,17/09/2026 11:00 AM,17/09/2026 02:00 PM,2,https://www.oil-india.com/tender-list/63?page=2&op=,https://www.oil-india.com/tender-details/63?in_detail=NzBlenVRPT0=
63,live:National Tenders,14,CJI2402P27,"Hiring of Services f... Hiring of Services for EPC (Engineering, Procurement, Construction) & Commissioning of pilot Carbon Capture and Storage (CCS) project surface facilities (0.1225 MMSCMD Natural Gas processing) at Dandewala Gas Processing Centre (DND-GPC) under Rajasthan Fields on LSTK Basis",Jodhpur,06/08/2026,22/09/2026 03:00 PM,22/09/2026 03:30 PM,2,https://www.oil-india.com/tender-list/63?page=2&op=,https://www.oil-india.com/tender-details/63?in_detail=NzBlM3RRPT0=
63,live:National Tenders,15,CDI2307P27,Hiring Services on L... Hiring Services on LSTK basis for 33kV E-House with Gas Insulated Switchgear (GIS) substation at an area opposite OCS-2 along with associated components and Civil Works.,Duliajan,-,10/09/2026 11:00 AM,10/09/2026 02:00 PM,2,https://www.oil-india.com/tender-list/63?page=2&op=,https://www.oil-india.com/tender-details/63?in_detail=NkU2K3ZBPT0=
64,live:Global Tenders,1,CDG2752P27,Hiring of services f... Hiring of services for implementation of Digital Oil Field (DOF) for Oil India Limited,Duliajan,22/09/2026,06/10/2026 11:00 AM,06/10/2026 02:00 PM,0,https://www.oil-india.com/tender-list/64,https://www.oil-india.com/tender-details/64?in_detail=NzBXMnZ3PT0=
64,live:Global Tenders,2,CEG2743P27,"Hiring of Bundled Se... Hiring of Bundled Service for offshore blocks MN-UDWHP-2023/2, MN-UDWHP-2023/3, KG-UDWHP-2023/1, and KG-UDWHP-2023/2 located in Mahanadi and Krishna-Godavari (KG) basins for a firm period of three (03) years, with a provision for extension by up to one (01) additional year on the same rates, terms and conditions.",Kakinada,06/10/2026,05/11/2026 01:00 PM,05/11/2026 02:30 PM,0,https://www.oil-india.com/tender-list/64,https://www.oil-india.com/tender-details/64?in_detail=NzBXMnZRPT0=
64,live:Global Tenders,3,SDG2672P27,"Procurement of Well ... Procurement of Well Servicing Pumps, Qty- 03 Nos.",Duliajan,-,07/10/2026 11:00 AM,07/10/2026 01:00 PM,0,https://www.oil-india.com/tender-list/64,https://www.oil-india.com/tender-details/64?in_detail=NzBheXV3PT0=
64,live:Global Tenders,4,SSG2525P27,Procurement of casin... Procurement of casing hole logging equipment.,Duliajan,-,09/09/2026 01:00 PM,09/09/2026 01:00 PM,0,https://www.oil-india.com/tender-list/64,https://www.oil-india.com/tender-details/64?in_detail=NzBhMnZBPT0=
64,live:Global Tenders,5,CEG2403P27,"Charter hire of 1 (o... Charter hire of 1 (one) no. Anchor Moored Drillship or Semi-submersible Drilling Unit along with equipment and Marine Logistics for drilling, testing and abandonment of exploratory well(s) in water depths up to 450 m with drilling depth capability up to minimum 5000 m in the East Coast of India for a firm well (of approximate seven (07) months duration), with a provision for an optional well (of approximate seven (07) months duration).",Kakinada,13/08/2026,24/09/2026 01:00 PM,24/09/2026 02:30 PM,0,https://www.oil-india.com/tender-list/64,https://www.oil-india.com/tender-details/64?in_detail=NzBlMnZ3PT0=
64,live:Global Tenders,6,CDG2397P27,"Hiring of Integrated... Hiring of Integrated Drilling Service-Sadiya (IDS-S) along with supply of manpower, equipment & consumables under a single contract for drilling one well in Sadiya block (AA-ONN-2010/3) with a provision for drilling another one well in Assam/ Arunachal Pradesh.",Duliajan,10/08/2026,17/09/2026 11:00 AM,17/09/2026 02:00 PM,0,https://www.oil-india.com/tender-list/64,https://www.oil-india.com/tender-details/64?in_detail=NkU2L3RRPT0=
64,live:Global Tenders,7,CDG2300P27,Charter Hire of Six ... Charter Hire of Six (06) numbers of 550 HP (Min.) - 750 HP (Max.) capacity workover rig packages in Assam and Arunachal Pradesh.,Duliajan,15/07/2026,18/09/2026 11:00 AM,18/09/2026 02:00 PM,0,https://www.oil-india.com/tender-list/64,https://www.oil-india.com/tender-details/64?in_detail=NkU2d3Z3PT0=
64,live:Global Tenders,8,CEG2068P27,"Hiring of agency for... Hiring of agency for charter hire of helicopter services to support Drilling Operations in Krishna Godavari, Mahanadi and Andaman Offshore Blocks on the East Coast of Indian waters for a period of 03 (Three) years extendable by another maximum 12 (Twelve) months at the same rates, terms and conditions.",Kakinada,30/06/2026,21/09/2026 02:00 PM,21/09/2026 03:00 PM,0,https://www.oil-india.com/tender-list/64,https://www.oil-india.com/tender-details/64?in_detail=NkUrMXRBPT0=
64,live:Global Tenders,9,CDG2048P27,Charter Hire of One ... Charter Hire of One (01) number of 3000 HP Drilling Rig Package in Assam and Arunachal Pradesh.,Duliajan,09/06/2026,15/09/2026 11:00 AM,15/09/2026 02:00 PM,0,https://www.oil-india.com/tender-list/64,https://www.oil-india.com/tender-details/64?in_detail=NkUrM3VnPT0=
64,live:Global Tenders,10,CEG1823P27,"Charter hire of 2 (T... Charter hire of 2 (Two) Nos. of DP-3 Drillship (MODU) Package with equipment and crew for drilling, testing and abandonment of exploratory wells in water depths from 500 meters to 3000 meters.",Kakinada,12/06/2026,09/10/2026 01:00 PM,09/10/2026 03:00 PM,0,https://www.oil-india.com/tender-list/64,https://www.oil-india.com/tender-details/64?in_detail=NkVDMnZRPT0=
64,live:Global Tenders,1,CDG2752P27,Hiring of services f... Hiring of services for implementation of Digital Oil Field (DOF) for Oil India Limited,Duliajan,22/09/2026,06/10/2026 11:00 AM,06/10/2026 02:00 PM,1,https://www.oil-india.com/tender-list/64?page=1&op=,https://www.oil-india.com/tender-details/64?in_detail=NzBXMnZ3PT0=
64,live:Global Tenders,2,CEG2743P27,"Hiring of Bundled Se... Hiring of Bundled Service for offshore blocks MN-UDWHP-2023/2, MN-UDWHP-2023/3, KG-UDWHP-2023/1, and KG-UDWHP-2023/2 located in Mahanadi and Krishna-Godavari (KG) basins for a firm period of three (03) years, with a provision for extension by up to one (01) additional year on the same rates, terms and conditions.",Kakinada,06/10/2026,05/11/2026 01:00 PM,05/11/2026 02:30 PM,1,https://www.oil-india.com/tender-list/64?page=1&op=,https://www.oil-india.com/tender-details/64?in_detail=NzBXMnZRPT0=
64,live:Global Tenders,3,SDG2672P27,"Procurement of Well ... Procurement of Well Servicing Pumps, Qty- 03 Nos.",Duliajan,-,07/10/2026 11:00 AM,07/10/2026 01:00 PM,1,https://www.oil-india.com/tender-list/64?page=1&op=,https://www.oil-india.com/tender-details/64?in_detail=NzBheXV3PT0=
64,live:Global Tenders,4,SSG2525P27,Procurement of casin... Procurement of casing hole logging equipment.,Duliajan,-,09/09/2026 01:00 PM,09/09/2026 01:00 PM,1,https://www.oil-india.com/tender-list/64?page=1&op=,https://www.oil-india.com/tender-details/64?in_detail=NzBhMnZBPT0=
64,live:Global Tenders,5,CEG2403P27,"Charter hire of 1 (o... Charter hire of 1 (one) no. Anchor Moored Drillship or Semi-submersible Drilling Unit along with equipment and Marine Logistics for drilling, testing and abandonment of exploratory well(s) in water depths up to 450 m with drilling depth capability up to minimum 5000 m in the East Coast of India for a firm well (of approximate seven (07) months duration), with a provision for an optional well (of approximate seven (07) months duration).",Kakinada,13/08/2026,24/09/2026 01:00 PM,24/09/2026 02:30 PM,1,https://www.oil-india.com/tender-list/64?page=1&op=,https://www.oil-india.com/tender-details/64?in_detail=NzBlMnZ3PT0=
64,live:Global Tenders,6,CDG2397P27,"Hiring of Integrated... Hiring of Integrated Drilling Service-Sadiya (IDS-S) along with supply of manpower, equipment & consumables under a single contract for drilling one well in Sadiya block (AA-ONN-2010/3) with a provision for drilling another one well in Assam/ Arunachal Pradesh.",Duliajan,10/08/2026,17/09/2026 11:00 AM,17/09/2026 02:00 PM,1,https://www.oil-india.com/tender-list/64?page=1&op=,https://www.oil-india.com/tender-details/64?in_detail=NkU2L3RRPT0=
64,live:Global Tenders,7,CDG2300P27,Charter Hire of Six ... Charter Hire of Six (06) numbers of 550 HP (Min.) - 750 HP (Max.) capacity workover rig packages in Assam and Arunachal Pradesh.,Duliajan,15/07/2026,18/09/2026 11:00 AM,18/09/2026 02:00 PM,1,https://www.oil-india.com/tender-list/64?page=1&op=,https://www.oil-india.com/tender-details/64?in_detail=NkU2d3Z3PT0=
64,live:Global Tenders,8,CEG2068P27,"Hiring of agency for... Hiring of agency for charter hire of helicopter services to support Drilling Operations in Krishna Godavari, Mahanadi and Andaman Offshore Blocks on the East Coast of Indian waters for a period of 03 (Three) years extendable by another maximum 12 (Twelve) months at the same rates, terms and conditions.",Kakinada,30/06/2026,21/09/2026 02:00 PM,21/09/2026 03:00 PM,1,https://www.oil-india.com/tender-list/64?page=1&op=,https://www.oil-india.com/tender-details/64?in_detail=NkUrMXRBPT0=
64,live:Global Tenders,9,CDG2048P27,Charter Hire of One ... Charter Hire of One (01) number of 3000 HP Drilling Rig Package in Assam and Arunachal Pradesh.,Duliajan,09/06/2026,15/09/2026 11:00 AM,15/09/2026 02:00 PM,1,https://www.oil-india.com/tender-list/64?page=1&op=,https://www.oil-india.com/tender-details/64?in_detail=NkUrM3VnPT0=
64,live:Global Tenders,10,CEG1823P27,"Charter hire of 2 (T... Charter hire of 2 (Two) Nos. of DP-3 Drillship (MODU) Package with equipment and crew for drilling, testing and abandonment of exploratory wells in water depths from 500 meters to 3000 meters.",Kakinada,12/06/2026,09/10/2026 01:00 PM,09/10/2026 03:00 PM,1,https://www.oil-india.com/tender-list/64?page=1&op=,https://www.oil-india.com/tender-details/64?in_detail=NkVDMnZRPT0=
65,live:Limited Tenders,1,CGI2590L27,"Hiring the services ... Hiring the services of Grass Cutting at PS-9, Dumar for a period of (one) year and extendable by another 1 (one) year.",Guwahati,No,-,29/09/2026 11:00 AM,0,https://www.oil-india.com/tender-list/65,https://www.oil-india.com/tender-details/65?in_detail=NzBXM3ZnPT0=
65,live:Limited Tenders,2,CDC2702L27,"Development of appro... Development of approach road from entrance gate to bowser loading point inside TAI QPS of Length-265.00 m(Approx) including the front side of IM's office length-20.00 m(Approx) by providing 150 mm GSB, 75mm WBM(Double layer) followed by laying paver block excluding cement inside QPS TAI.",Duliajan,No,-,22/09/2026 11:00 AM,0,https://www.oil-india.com/tender-list/65,https://www.oil-india.com/tender-details/65?in_detail=NzBXM3ZBPT0=
65,live:Limited Tenders,3,CDC2632L27,"Improvement of Appro... Improvement of Approach Road of approximate length 900.0 m, Construction of Well plinth , Road over plinth, Construction of CC/RCC Foundation to suit DM-05 rig outfit at any other water disposal well drilling location at Dikom, Kathalani, Bhogpara or any area under Central Field-West in Dibrugarh district including supply of all materials by the contractor except Cement.",Duliajan,No,-,22/09/2026 11:00 AM,0,https://www.oil-india.com/tender-list/65,https://www.oil-india.com/tender-details/65?in_detail=NzBXM3ZRPT0=
65,live:Limited Tenders,4,CDC2633L27,"Improvement of Appro... Improvement of Approach Road of approximate length 500.0 m, Construction of Well plinth , Road over plinth, Construction of CC/RCC Foundation to suit DM-05 rig outfit at any other water disposal well drilling location at Dikom, Kathalani, Bhogpara or any area under Central Field-West in Dibrugarh district including supply of all materials by the contractor except Cement.",Duliajan,No,-,22/09/2026 11:00 AM,0,https://www.oil-india.com/tender-list/65,https://www.oil-india.com/tender-details/65?in_detail=NzBXMnRBPT0=
65,live:Limited Tenders,5,SSH2737L27,Procurement of Spare... Procurement of Spares for Crown & Travelling Blocks.,Duliajan,Yes,-,24/09/2026 11:00 AM,0,https://www.oil-india.com/tender-list/65,https://www.oil-india.com/tender-details/65?in_detail=NzBhL3RRPT0=
65,live:Limited Tenders,6,CDC2665L27,"Replacement of exist... Replacement of existing CGI sheets of Cementing Yard Shed with PPGI sheets inside New Industrial Area, Duliajan.",Duliajan,No,-,17/09/2026 11:00 AM,0,https://www.oil-india.com/tender-list/65,https://www.oil-india.com/tender-details/65?in_detail=NzBhK3VBPT0=
65,live:Limited Tenders,7,CDC2694L27,"Construction/Repairi... Construction/Repairing of Approach road, Construction of CC/RCC foundation, Plinth, Hard standing area to suit DM-05 Rig Outfit for multiple water disposal well drilling locations in Baghjan and Mechaki Area including supply of all materials except cement.",Duliajan,No,-,15/09/2026 11:00 AM,0,https://www.oil-india.com/tender-list/65,https://www.oil-india.com/tender-details/65?in_detail=NzBhK3VRPT0=
65,live:Limited Tenders,8,SSI0991L26,SPARES FOR VFD RIG. SPARES FOR VFD RIG.,Duliajan,Yes,-,16/09/2026 01:00 PM,0,https://www.oil-india.com/tender-list/65,https://www.oil-india.com/tender-details/65?in_detail=NzBheHZnPT0=
65,live:Limited Tenders,9,DID2714L27,ENERGY DIET. ENERGY DIET.,Duliajan,Yes,-,16/09/2026 01:00 PM,0,https://www.oil-india.com/tender-list/65,https://www.oil-india.com/tender-details/65?in_detail=NzBheHZ3PT0=
65,live:Limited Tenders,10,CGI2585L27,"NECESSARY REPAIRING ... NECESSARY REPAIRING & PAINTING OF VACANT QUARTERS A-TYPE 16 NOS., B-TYPE 5 NOS. AND C-TYPE 1 NO. IN CONNECTION TO UPCOMING 55TH EMPLOYEE' PIPELINE SPORTS MEET AT PS-3 JORHAT INCLUDING SUPPLY OF ALL MATERIALS.",Guwahati,No,-,11/09/2026 11:00 AM,0,https://www.oil-india.com/tender-list/65,https://www.oil-india.com/tender-details/65?in_detail=NzBhMHV3PT0=
65,live:Limited Tenders,1,CGI2590L27,"Hiring the services ... Hiring the services of Grass Cutting at PS-9, Dumar for a period of (one) year and extendable by another 1 (one) year.",Guwahati,No,-,29/09/2026 11:00 AM,1,https://www.oil-india.com/tender-list/65?page=1&op=,https://www.oil-india.com/tender-details/65?in_detail=NzBXM3ZnPT0=
65,live:Limited Tenders,2,CDC2702L27,"Development of appro... Development of approach road from entrance gate to bowser loading point inside TAI QPS of Length-265.00 m(Approx) including the front side of IM's office length-20.00 m(Approx) by providing 150 mm GSB, 75mm WBM(Double layer) followed by laying paver block excluding cement inside QPS TAI.",Duliajan,No,-,22/09/2026 11:00 AM,1,https://www.oil-india.com/tender-list/65?page=1&op=,https://www.oil-india.com/tender-details/65?in_detail=NzBXM3ZBPT0=
65,live:Limited Tenders,3,CDC2632L27,"Improvement of Appro... Improvement of Approach Road of approximate length 900.0 m, Construction of Well plinth , Road over plinth, Construction of CC/RCC Foundation to suit DM-05 rig outfit at any other water disposal well drilling location at Dikom, Kathalani, Bhogpara or any area under Central Field-West in Dibrugarh district including supply of all materials by the contractor except Cement.",Duliajan,No,-,22/09/2026 11:00 AM,1,https://www.oil-india.com/tender-list/65?page=1&op=,https://www.oil-india.com/tender-details/65?in_detail=NzBXM3ZRPT0=
65,live:Limited Tenders,4,CDC2633L27,"Improvement of Appro... Improvement of Approach Road of approximate length 500.0 m, Construction of Well plinth , Road over plinth, Construction of CC/RCC Foundation to suit DM-05 rig outfit at any other water disposal well drilling location at Dikom, Kathalani, Bhogpara or any area under Central Field-West in Dibrugarh district including supply of all materials by the contractor except Cement.",Duliajan,No,-,22/09/2026 11:00 AM,1,https://www.oil-india.com/tender-list/65?page=1&op=,https://www.oil-india.com/tender-details/65?in_detail=NzBXMnRBPT0=
65,live:Limited Tenders,5,SSH2737L27,Procurement of Spare... Procurement of Spares for Crown & Travelling Blocks.,Duliajan,Yes,-,24/09/2026 11:00 AM,1,https://www.oil-india.com/tender-list/65?page=1&op=,https://www.oil-india.com/tender-details/65?in_detail=NzBhL3RRPT0=
65,live:Limited Tenders,6,CDC2665L27,"Replacement of exist... Replacement of existing CGI sheets of Cementing Yard Shed with PPGI sheets inside New Industrial Area, Duliajan.",Duliajan,No,-,17/09/2026 11:00 AM,1,https://www.oil-india.com/tender-list/65?page=1&op=,https://www.oil-india.com/tender-details/65?in_detail=NzBhK3VBPT0=
65,live:Limited Tenders,7,CDC2694L27,"Construction/Repairi... Construction/Repairing of Approach road, Construction of CC/RCC foundation, Plinth, Hard standing area to suit DM-05 Rig Outfit for multiple water disposal well drilling locations in Baghjan and Mechaki Area including supply of all materials except cement.",Duliajan,No,-,15/09/2026 11:00 AM,1,https://www.oil-india.com/tender-list/65?page=1&op=,https://www.oil-india.com/tender-details/65?in_detail=NzBhK3VRPT0=
65,live:Limited Tenders,8,SSI0991L26,SPARES FOR VFD RIG. SPARES FOR VFD RIG.,Duliajan,Yes,-,16/09/2026 01:00 PM,1,https://www.oil-india.com/tender-list/65?page=1&op=,https://www.oil-india.com/tender-details/65?in_detail=NzBheHZnPT0=
65,live:Limited Tenders,9,DID2714L27,ENERGY DIET. ENERGY DIET.,Duliajan,Yes,-,16/09/2026 01:00 PM,1,https://www.oil-india.com/tender-list/65?page=1&op=,https://www.oil-india.com/tender-details/65?in_detail=NzBheHZ3PT0=
65,live:Limited Tenders,10,CGI2585L27,"NECESSARY REPAIRING ... NECESSARY REPAIRING & PAINTING OF VACANT QUARTERS A-TYPE 16 NOS., B-TYPE 5 NOS. AND C-TYPE 1 NO. IN CONNECTION TO UPCOMING 55TH EMPLOYEE' PIPELINE SPORTS MEET AT PS-3 JORHAT INCLUDING SUPPLY OF ALL MATERIALS.",Guwahati,No,-,11/09/2026 11:00 AM,1,https://www.oil-india.com/tender-list/65?page=1&op=,https://www.oil-india.com/tender-details/65?in_detail=NzBhMHV3PT0=
65,live:Limited Tenders,11,CGI2583L27,"Civil renovation and... Civil renovation and repairing jobs for organizing 55th Employee' Pipeline Sports Meet at PS-3, Jorhat including supply of all materials. (i)Repairing of damaged footpath. (ii)Development of Playground (iii)Repairing and painting of Badminton Hall & TT hall. (iv)Repainting of Bhogdoi club & community pandal.",Guwahati,No,-,11/09/2026 11:00 AM,2,https://www.oil-india.com/tender-list/65?page=2&op=,https://www.oil-india.com/tender-details/65?in_detail=NzBhMHVBPT0=
65,live:Limited Tenders,12,CGI2586L27,"Revamping of road fr... Revamping of road from Main Gate to the Main office and other colony roads in connection to upcoming 55th Employee' Pipeline Sports Meet at PS-3, Jorhat including supply of all materials except Bitumen.",Guwahati,No,-,11/09/2026 11:00 AM,2,https://www.oil-india.com/tender-list/65?page=2&op=,https://www.oil-india.com/tender-details/65?in_detail=NzBhM3Z3PT0=
65,live:Limited Tenders,13,ECP2562L27,"Hiring of Registered... Hiring of Registered Port C&F agent of Port Management Board, Port Blair (Sri Vijayapuram) to attend port calls of OSVs for bunkering of fuel and water.",Kakinada,Yes,-,09/09/2026 03:00 PM,2,https://www.oil-india.com/tender-list/65?page=2&op=,https://www.oil-india.com/tender-details/65?in_detail=NzBhenZBPT0=
124,live:GeM Tenders,1,GEM/2026/B/8007868,Nipples. Nipples.,Duliajan,-,06/10/2026 01:00 PM,07/10/2026 01:00 PM,0,https://www.oil-india.com/tender-list/124,https://www.oil-india.com/tender-details/124?in_detail=NzBXM3Z3PT0=
124,live:GeM Tenders,2,GEM/2026/B/8002892,FLP AC Induction Mot... FLP AC Induction Motor.,Duliajan,-,05/10/2026 10:00 AM,06/10/2026 10:00 AM,0,https://www.oil-india.com/tender-list/124,https://www.oil-india.com/tender-details/124?in_detail=NzBXMnVnPT0=
124,live:GeM Tenders,3,GEM/2026/B/8002734,Manual Hydraulic Tes... Manual Hydraulic Testing Pumpset.,Duliajan,-,06/10/2026 01:00 PM,07/10/2026 01:00 PM,0,https://www.oil-india.com/tender-list/124,https://www.oil-india.com/tender-details/124?in_detail=NzBXMnV3PT0=
124,live:GeM Tenders,4,GEM/2026/B/8004960,COOLER SHAFT. COOLER SHAFT.,Duliajan,-,29/09/2026 01:00 PM,30/09/2026 01:00 PM,0,https://www.oil-india.com/tender-list/124,https://www.oil-india.com/tender-details/124?in_detail=NzBXMnRRPT0=
124,live:GeM Tenders,5,GEM/2026/B/7995725,HIRING SERVICE OF NO... HIRING SERVICE OF NOT MORE THAN 2 (TWO) YEARS OLD VINTAGE MAHINDRA BOLERO CAMPER GOLD OR SUBSTANTIALLY EQUIVALENT WITH DOUBLE CABIN AC VEHICLE FOR MAINTENANCE OF OPTICAL FIBER COMMUNICATION ON AS AND WHEN REQUIRED BASIS UNDER PS-09 T&I SECTION FOR A PERIOD OF 03 (THREE) YEARS.,Dumar,-,05/10/2026 02:00 PM,06/10/2026 02:00 PM,0,https://www.oil-india.com/tender-list/124,https://www.oil-india.com/tender-details/124?in_detail=NzBXMnZBPT0=
124,live:GeM Tenders,6,GEM/2026/B/7997296,HIRING SERVICE OF NO... HIRING SERVICE OF NOT MORE THAN 02 (TWO) YEARS OLD VINTAGE MAHINDRA BOLERO PICKUP VEHICLE FOR MAINTENANCE OF OPTICAL FIBER COMMUNICATION ON AS AND WHEN REQUIRED BASIS UNDER PS-10 T&I SECTION FOR A PERIOD OF (03) THREE YEARS.,Barauni,-,05/10/2026 02:00 PM,06/10/2026 02:00 PM,0,https://www.oil-india.com/tender-list/124,https://www.oil-india.com/tender-details/124?in_detail=NzBXMnVRPT0=
124,live:GeM Tenders,7,GEM/2026/B/7997143,Manila Rope. Manila Rope.,Duliajan,-,29/09/2026 01:00 PM,30/09/2026 01:00 PM,0,https://www.oil-india.com/tender-list/124,https://www.oil-india.com/tender-details/124?in_detail=NzBXMnZnPT0=
124,live:GeM Tenders,8,GEM/2026/B/7989238,Supply of fresh cut ... Supply of fresh cut flowers/bouquets and flower arrangements in flower vases at various establishments of OIL in Delhi-Noida for a Period of Three Years.,Noida,-,24/09/2026 09:00 AM,25/09/2026 09:00 AM,0,https://www.oil-india.com/tender-list/124,https://www.oil-india.com/tender-details/124?in_detail=NzBhL3Z3PT0=
124,live:GeM Tenders,9,GEM/2026/B/7990509,"Windsock with metal ... Windsock with metal eyelets and nylon rope ,Ear Muff.",Duliajan,-,29/09/2026 10:00 AM,30/09/2026 10:00 AM,0,https://www.oil-india.com/tender-list/124,https://www.oil-india.com/tender-details/124?in_detail=NzBhL3ZBPT0=
124,live:GeM Tenders,10,GEM/2026/B/7994293,"Hiring of services f... Hiring of services for revamping of 30/10 MT EOT crane at ICE Shop under Field Engineering Department, OIL FHQ, Duliajan.",Duliajan,-,24/09/2026 02:00 PM,25/09/2026 02:00 PM,0,https://www.oil-india.com/tender-list/124,https://www.oil-india.com/tender-details/124?in_detail=NzBhL3RBPT0=
124,live:GeM Tenders,1,GEM/2026/B/8007868,Nipples. Nipples.,Duliajan,-,06/10/2026 01:00 PM,07/10/2026 01:00 PM,1,https://www.oil-india.com/tender-list/124?page=1&op=,https://www.oil-india.com/tender-details/124?in_detail=NzBXM3Z3PT0=
124,live:GeM Tenders,2,GEM/2026/B/8002892,FLP AC Induction Mot... FLP AC Induction Motor.,Duliajan,-,05/10/2026 10:00 AM,06/10/2026 10:00 AM,1,https://www.oil-india.com/tender-list/124?page=1&op=,https://www.oil-india.com/tender-details/124?in_detail=NzBXMnVnPT0=
124,live:GeM Tenders,3,GEM/2026/B/8002734,Manual Hydraulic Tes... Manual Hydraulic Testing Pumpset.,Duliajan,-,06/10/2026 01:00 PM,07/10/2026 01:00 PM,1,https://www.oil-india.com/tender-list/124?page=1&op=,https://www.oil-india.com/tender-details/124?in_detail=NzBXMnV3PT0=
124,live:GeM Tenders,4,GEM/2026/B/8004960,COOLER SHAFT. COOLER SHAFT.,Duliajan,-,29/09/2026 01:00 PM,30/09/2026 01:00 PM,1,https://www.oil-india.com/tender-list/124?page=1&op=,https://www.oil-india.com/tender-details/124?in_detail=NzBXMnRRPT0=
124,live:GeM Tenders,5,GEM/2026/B/7995725,HIRING SERVICE OF NO... HIRING SERVICE OF NOT MORE THAN 2 (TWO) YEARS OLD VINTAGE MAHINDRA BOLERO CAMPER GOLD OR SUBSTANTIALLY EQUIVALENT WITH DOUBLE CABIN AC VEHICLE FOR MAINTENANCE OF OPTICAL FIBER COMMUNICATION ON AS AND WHEN REQUIRED BASIS UNDER PS-09 T&I SECTION FOR A PERIOD OF 03 (THREE) YEARS.,Dumar,-,05/10/2026 02:00 PM,06/10/2026 02:00 PM,1,https://www.oil-india.com/tender-list/124?page=1&op=,https://www.oil-india.com/tender-details/124?in_detail=NzBXMnZBPT0=
124,live:GeM Tenders,6,GEM/2026/B/7997296,HIRING SERVICE OF NO... HIRING SERVICE OF NOT MORE THAN 02 (TWO) YEARS OLD VINTAGE MAHINDRA BOLERO PICKUP VEHICLE FOR MAINTENANCE OF OPTICAL FIBER COMMUNICATION ON AS AND WHEN REQUIRED BASIS UNDER PS-10 T&I SECTION FOR A PERIOD OF (03) THREE YEARS.,Barauni,-,05/10/2026 02:00 PM,06/10/2026 02:00 PM,1,https://www.oil-india.com/tender-list/124?page=1&op=,https://www.oil-india.com/tender-details/124?in_detail=NzBXMnVRPT0=
124,live:GeM Tenders,7,GEM/2026/B/7997143,Manila Rope. Manila Rope.,Duliajan,-,29/09/2026 01:00 PM,30/09/2026 01:00 PM,1,https://www.oil-india.com/tender-list/124?page=1&op=,https://www.oil-india.com/tender-details/124?in_detail=NzBXMnZnPT0=
124,live:GeM Tenders,8,GEM/2026/B/7989238,Supply of fresh cut ... Supply of fresh cut flowers/bouquets and flower arrangements in flower vases at various establishments of OIL in Delhi-Noida for a Period of Three Years.,Noida,-,24/09/2026 09:00 AM,25/09/2026 09:00 AM,1,https://www.oil-india.com/tender-list/124?page=1&op=,https://www.oil-india.com/tender-details/124?in_detail=NzBhL3Z3PT0=
124,live:GeM Tenders,9,GEM/2026/B/7990509,"Windsock with metal ... Windsock with metal eyelets and nylon rope ,Ear Muff.",Duliajan,-,29/09/2026 10:00 AM,30/09/2026 10:00 AM,1,https://www.oil-india.com/tender-list/124?page=1&op=,https://www.oil-india.com/tender-details/124?in_detail=NzBhL3ZBPT0=
124,live:GeM Tenders,10,GEM/2026/B/7994293,"Hiring of services f... Hiring of services for revamping of 30/10 MT EOT crane at ICE Shop under Field Engineering Department, OIL FHQ, Duliajan.",Duliajan,-,24/09/2026 02:00 PM,25/09/2026 02:00 PM,1,https://www.oil-india.com/tender-list/124?page=1&op=,https://www.oil-india.com/tender-details/124?in_detail=NzBhL3RBPT0=
124,live:GeM Tenders,11,GEM/2026/B/7993054,"Hose Nitrile Rubber ... Hose Nitrile Rubber for Oxygen Gas, Oxygen Regulator, Hose Nitrile Rubber for Acetylene Gas, Acetylene Regulator.",Duliajan,-,29/09/2026 01:00 PM,30/09/2026 01:00 PM,2,https://www.oil-india.com/tender-list/124?page=2&op=,https://www.oil-india.com/tender-details/124?in_detail=NzBhL3VnPT0=
124,live:GeM Tenders,12,GEM/2026/B/7992429,Dielectric Breakdown... Dielectric Breakdown Tester.,Duliajan,-,29/09/2026 01:00 PM,30/09/2026 01:00 PM,2,https://www.oil-india.com/tender-list/124?page=2&op=,https://www.oil-india.com/tender-details/124?in_detail=NzBhL3V3PT0=
124,live:GeM Tenders,13,GEM/2026/B/7989186,Earth Electrodes for... Earth Electrodes for Electrical Drilling Rigs.,Duliajan,-,24/09/2026 01:00 PM,25/09/2026 01:00 PM,2,https://www.oil-india.com/tender-list/124?page=2&op=,https://www.oil-india.com/tender-details/124?in_detail=NzBhL3VBPT0=
124,live:GeM Tenders,14,GEM/2026/B/7985273,Electrode drying ove... Electrode drying oven.,Duliajan,-,23/09/2026 01:00 PM,23/09/2026 01:30 PM,2,https://www.oil-india.com/tender-list/124?page=2&op=,https://www.oil-india.com/tender-details/124?in_detail=NzBhK3Z3PT0=
124,live:GeM Tenders,15,GEM/2026/B/7979988,Procurement of Studs... Procurement of Studs & Nuts as per ASMEB16.5 flanges for Project & Tank Farm Section.,Duliajan,-,23/09/2026 01:00 PM,23/09/2026 01:30 PM,2,https://www.oil-india.com/tender-list/124?page=2&op=,https://www.oil-india.com/tender-details/124?in_detail=NzBhK3ZBPT0=
124,live:GeM Tenders,16,GEM/2026/B/7982168,Hiring of services f... Hiring of services for supply and downhole injection of chemical products into oil wells through the chemical injection mandrel for efficient production High Pour point and asphaltene containing crude oil.,Duliajan,10/09/2026,24/09/2026 02:00 PM,24/09/2026 02:30 PM,2,https://www.oil-india.com/tender-list/124?page=2&op=,https://www.oil-india.com/tender-details/124?in_detail=NzBhK3ZRPT0=
124,live:GeM Tenders,17,GEM/2026/B/7988726,"Hiring of services f... Hiring of services for 'Comprehensive Maintenance Contract (CMC) for the L.G. Electronics make VRF System Air Conditioners of total capacity 122 HP (comprising 14 HP- 3 Nos., 12 HP - 3 Nos., and 22 HP - 2 Nos) installed at the Civil Engineering Department, Duliajan for a period of 04 (Four) years'.",Duliajan,-,24/09/2026 02:00 PM,24/09/2026 02:30 PM,2,https://www.oil-india.com/tender-list/124?page=2&op=,https://www.oil-india.com/tender-details/124?in_detail=NzBhK3VnPT0=
124,live:GeM Tenders,18,GEM/2026/B/7988841,"Hiring of consultanc... Hiring of consultancy services for comprehensive surge analysis of crude oil storage tanks and ROSOV system at secondary tank farm, Madhuban.",Duliajan,-,23/09/2026 02:00 PM,23/09/2026 02:30 PM,2,https://www.oil-india.com/tender-list/124?page=2&op=,https://www.oil-india.com/tender-details/124?in_detail=NzBhK3V3PT0=
124,live:GeM Tenders,19,GEM/2026/B/7980210,"2"" NB Sch 80 Nipples... 2"" NB Sch 80 Nipples.",Duliajan,-,30/09/2026 01:00 PM,30/09/2026 01:30 PM,2,https://www.oil-india.com/tender-list/124?page=2&op=,https://www.oil-india.com/tender-details/124?in_detail=NzBheHVnPT0=
124,live:GeM Tenders,20,GEM/2026/B/7983153,"Line Pipe, 1"" , ERW ... Line Pipe, 1"" , ERW Galvanised, Screwed.",Duliajan,-,30/09/2026 10:00 AM,30/09/2026 10:30 AM,2,https://www.oil-india.com/tender-list/124?page=2&op=,https://www.oil-india.com/tender-details/124?in_detail=NzBhK3ZnPT0=
124,live:GeM Tenders,21,GEM/2026/B/7972769,SIMDIST DHA Apparatu... SIMDIST DHA Apparatus - 01 No.,Duliajan,-,30/09/2026 11:00 AM,30/09/2026 11:30 AM,3,https://www.oil-india.com/tender-list/124?page=3&op=,https://www.oil-india.com/tender-details/124?in_detail=NzBhL3ZRPT0=
124,live:GeM Tenders,22,GEM/2026/B/7982688,"Automatic Distillati... Automatic Distillation Apparatus - 02 Nos., Automatic Pour Point and Cloud Point Apparatus - 02 Nos., Kinematic Viscometer - 01 No.",Duliajan,-,30/09/2026 11:00 AM,30/09/2026 11:30 AM,3,https://www.oil-india.com/tender-list/124?page=3&op=,https://www.oil-india.com/tender-details/124?in_detail=NzBhK3RBPT0=
124,live:GeM Tenders,23,GEM/2026/B/7982622,"Hiring of ROW/ROU Li... Hiring of ROW/ROU Line Walking Services under Pump station-06, Bongaigaon sector (From PLKM 497 to PLKM 632) for a period of four (04) years under operation section, Pump station-06,Bongaigaon.",Guwahati,-,22/09/2026 02:00 PM,22/09/2026 02:30 PM,3,https://www.oil-india.com/tender-list/124?page=3&op=,https://www.oil-india.com/tender-details/124?in_detail=NzBheHRBPT0=
124,live:GeM Tenders,24,GEM/2026/B/7980678,Hiring of services f... Hiring of services for reconditioning/repairing of the damaged/mud-cut Suction and Discharge Modules of Mud Pumps of OIL's Drilling Rigs.,Duliajan,-,22/09/2026 02:00 PM,22/09/2026 02:30 PM,3,https://www.oil-india.com/tender-list/124?page=3&op=,https://www.oil-india.com/tender-details/124?in_detail=NzBheHRRPT0=
124,live:GeM Tenders,25,GEM/2026/B/7977866,2 TPH PACKAGED BOILE... 2 TPH PACKAGED BOILER.,Duliajan,-,30/09/2026 01:00 PM,30/09/2026 01:30 PM,3,https://www.oil-india.com/tender-list/124?page=3&op=,https://www.oil-india.com/tender-details/124?in_detail=NzBheHV3PT0=
124,live:GeM Tenders,26,GEM/2026/B/7975986,"Supply, Installation... Supply, Installation and Commissioning of 1.5 TR Inverter type Variable Speed 5 Star Split Acs against Buyback.",Duliajan,-,23/09/2026 01:00 PM,23/09/2026 01:30 PM,3,https://www.oil-india.com/tender-list/124?page=3&op=,https://www.oil-india.com/tender-details/124?in_detail=NzBheHZBPT0=
124,live:GeM Tenders,27,GEM/2026/B/7972856,"HOSE, HYDRAULIC, SIZ... HOSE, HYDRAULIC, SIZE: 2"" x 3 MTRS.",Duliajan,-,23/09/2026 01:00 PM,23/09/2026 01:30 PM,3,https://www.oil-india.com/tender-list/124?page=3&op=,https://www.oil-india.com/tender-details/124?in_detail=NzBheHZRPT0=
124,live:GeM Tenders,28,GEM/2026/B/7975978,3 in 1 Battery Opera... 3 in 1 Battery Operated Crimping Tool.,Duliajan,-,30/09/2026 01:00 PM,30/09/2026 01:30 PM,3,https://www.oil-india.com/tender-list/124?page=3&op=,https://www.oil-india.com/tender-details/124?in_detail=NzBhd3RBPT0=
124,live:GeM Tenders,29,GEM/2026/B/7978228,Scale Inhibitor. Scale Inhibitor.,Duliajan,-,23/09/2026 10:00 AM,23/09/2026 10:30 AM,3,https://www.oil-india.com/tender-list/124?page=3&op=,https://www.oil-india.com/tender-details/124?in_detail=NzBheHVRPT0=
124,live:GeM Tenders,30,GEM/2026/B/7963073,Hiring of two (02) u... Hiring of two (02) units of Slickline Services for Bottom Hole Data Acquisition and Well Testing Operations.,Duliajan,07/09/2026,21/09/2026 02:00 PM,21/09/2026 02:30 PM,3,https://www.oil-india.com/tender-list/124?page=3&op=,https://www.oil-india.com/tender-details/124?in_detail=NzBhd3VnPT0=
124,live:GeM Tenders,31,GEM/2026/B/7972746,"PIPE FITTINGS. (BEND... PIPE FITTINGS. (BENDS, COUPLINGS, ELBOW, FLANGE, ALLOY STEEL STUD BOLT AND RIGN JOINT GASKET)",Duliajan,-,30/09/2026 01:00 PM,30/09/2026 01:30 PM,4,https://www.oil-india.com/tender-list/124?page=4&op=,https://www.oil-india.com/tender-details/124?in_detail=NzBhd3RRPT0=
124,live:GeM Tenders,32,GEM/2026/B/7971533,"40 MM NOMINAL BORE S... 40 MM NOMINAL BORE SCAFFOLDING TUBES , FIXED CLAMP FOR SCAFFOLDING TUBE , MOVABLE CLAMP FOR SCAFFOLDING TUBE.",Duliajan,-,29/09/2026 09:00 AM,29/09/2026 09:30 AM,4,https://www.oil-india.com/tender-list/124?page=4&op=,https://www.oil-india.com/tender-details/124?in_detail=NzBhd3V3PT0=
124,live:GeM Tenders,33,GEM/2026/B/7971355,Hiring of Services f... Hiring of Services for Maintenance of OIL's OFC Network & Telecom Assets from PL KM 34 to PL KM 71 under PS-2 Moran for a period of 3 years.,Guwahati,-,18/09/2026 02:00 PM,18/09/2026 02:30 PM,4,https://www.oil-india.com/tender-list/124?page=4&op=,https://www.oil-india.com/tender-details/124?in_detail=NzBhd3ZRPT0=
124,live:GeM Tenders,34,GEM/2026/B/7969823,Procurement of Trino... Procurement of Trinocular Microscope with Digital Camera (QTY.:06 Nos.),Duliajan,-,21/09/2026 01:00 PM,21/09/2026 01:30 PM,4,https://www.oil-india.com/tender-list/124?page=4&op=,https://www.oil-india.com/tender-details/124?in_detail=NzBhenRBPT0=
124,live:GeM Tenders,35,GEM/2026/B/7968161,"Supply, Installation... Supply, Installation and Commissioning of 2.0 TR Inverter type Variable Speed 5 Star Split AC.",Duliajan,-,23/09/2026 01:00 PM,23/09/2026 01:30 PM,4,https://www.oil-india.com/tender-list/124?page=4&op=,https://www.oil-india.com/tender-details/124?in_detail=NzBhenRRPT0=
124,live:GeM Tenders,36,GEM/2026/B/7969883,Sodium Bicarbonate. Sodium Bicarbonate.,Duliajan,-,22/09/2026 10:00 AM,22/09/2026 10:30 AM,4,https://www.oil-india.com/tender-list/124?page=4&op=,https://www.oil-india.com/tender-details/124?in_detail=NzBhenVnPT0=
124,live:GeM Tenders,37,GEM/2026/B/7965096,"LP booster Gas Compr... LP booster Gas Compressor- 20,000 SCMD Qty 7 Nos and LP booster Gas Compressor- 40,000 SCMD Qty 5 Nos.",Duliajan,07/09/2026,30/09/2026 11:00 AM,30/09/2026 11:30 AM,4,https://www.oil-india.com/tender-list/124?page=4&op=,https://www.oil-india.com/tender-details/124?in_detail=NzBhd3VBPT0=
124,live:GeM Tenders,38,GEM/2026/B/7971435,"40 MM NOMINAL BORE S... 40 MM NOMINAL BORE SCAFFOLDING TUBES , FIXED CLAMP FOR SCAFFOLDING TUBE , MOVABLE CLAMP FOR SCAFFOLDING TUBE.",Duliajan,-,28/09/2026 09:00 AM,28/09/2026 09:30 AM,4,https://www.oil-india.com/tender-list/124?page=4&op=,https://www.oil-india.com/tender-details/124?in_detail=NzBhd3VRPT0=
124,live:GeM Tenders,39,GEM/2026/B/7971386,"PIPE FITTINGS. (NIPP... PIPE FITTINGS. (NIPPLES, PLUGS, TEES & WING UNION)",Duliajan,-,30/09/2026 01:00 PM,30/09/2026 01:30 PM,4,https://www.oil-india.com/tender-list/124?page=4&op=,https://www.oil-india.com/tender-details/124?in_detail=NzBhd3Z3PT0=
124,live:GeM Tenders,40,GEM/2026/B/7971563,"Hiring services of W... Hiring services of WCL(P),WCL-L and WCL-L1 under PS4 Sekoni for a period of 4(Four) years from 01.01.2027 to 31.12.2030.",Bongaigaon,-,18/09/2026 02:00 PM,18/09/2026 02:30 PM,4,https://www.oil-india.com/tender-list/124?page=4&op=,https://www.oil-india.com/tender-details/124?in_detail=NzBhd3ZBPT0=
124,live:GeM Tenders,41,GEM/2026/B/7965679,Hiring of Services f... Hiring of Services for Maintenance of OIL's OFC Network & Telecom Assets from PL KM 34 to PL KM 71 under PS-2 Moran for a period of 3 years.,Guwahati,-,17/09/2026 02:00 PM,17/09/2026 02:30 PM,5,https://www.oil-india.com/tender-list/124?page=5&op=,https://www.oil-india.com/tender-details/124?in_detail=NzBhenVRPT0=
124,live:GeM Tenders,42,GEM/2026/B/7965019,"Battery-operated (co... Battery-operated (cordless) pipe cutting machine, pipe threading machine and 10 Ton hydraulic Puller.",Duliajan,-,23/09/2026 01:00 PM,23/09/2026 01:30 PM,5,https://www.oil-india.com/tender-list/124?page=5&op=,https://www.oil-india.com/tender-details/124?in_detail=NzBhenZnPT0=
124,live:GeM Tenders,43,GEM/2026/B/7967822,Hoses. Hoses.,Duliajan,-,23/09/2026 04:00 PM,23/09/2026 04:30 PM,5,https://www.oil-india.com/tender-list/124?page=5&op=,https://www.oil-india.com/tender-details/124?in_detail=NzBhenV3PT0=
124,live:GeM Tenders,44,GEM/2026/B/7965555,Guard Railing of 37.... Guard Railing of 37.37 KL Rectangular Tank.,Duliajan,-,23/09/2026 01:00 PM,23/09/2026 01:30 PM,5,https://www.oil-india.com/tender-list/124?page=5&op=,https://www.oil-india.com/tender-details/124?in_detail=NzBhenVBPT0=
124,live:GeM Tenders,45,GEM/2026/B/7962826,DIGITAL PRESSURE GAU... DIGITAL PRESSURE GAUGES.,Duliajan,-,16/09/2026 01:00 PM,16/09/2026 01:30 PM,5,https://www.oil-india.com/tender-list/124?page=5&op=,https://www.oil-india.com/tender-details/124?in_detail=NzBheXRRPT0=
124,live:GeM Tenders,46,GEM/2026/B/7962825,Neil Robertson Type ... Neil Robertson Type Stretcher.,Duliajan,-,16/09/2026 01:00 PM,16/09/2026 01:30 PM,5,https://www.oil-india.com/tender-list/124?page=5&op=,https://www.oil-india.com/tender-details/124?in_detail=NzBhd3ZnPT0=
124,live:GeM Tenders,47,GEM/2026/B/7959207,Anisotropic pre-stac... Anisotropic pre-stack time & anisotropic depth imaging study.,Bhubaneswar,-,15/09/2026 02:00 PM,15/09/2026 02:30 PM,5,https://www.oil-india.com/tender-list/124?page=5&op=,https://www.oil-india.com/tender-details/124?in_detail=NzBheXVBPT0=
124,live:GeM Tenders,48,GEM/2026/B/7960158,"Hiring the services ... Hiring the services of Unskilled Listed Manpower (WCL Listed-1, Category-II) for watch & ward, Shift duty and Sanitation under Operation Section, OIl India Limited Rangapani Terminal for four years from 01.01.2027 to 31.12.2030.",DARJEELING,-,15/09/2026 02:00 PM,15/09/2026 02:30 PM,5,https://www.oil-india.com/tender-list/124?page=5&op=,https://www.oil-india.com/tender-details/124?in_detail=NzBheXVRPT0=
124,live:GeM Tenders,49,GEM/2026/B/7959504,RO PLANT FOR DIALYSI... RO PLANT FOR DIALYSIS UNIT 4000 LPH,Duliajan,-,16/09/2026 10:00 AM,16/09/2026 10:30 AM,5,https://www.oil-india.com/tender-list/124?page=5&op=,https://www.oil-india.com/tender-details/124?in_detail=NzBhenZ3PT0=
124,live:GeM Tenders,50,GEM/2026/B/7903592,"Supply, Installation... Supply, Installation and Commissioning of 11 KV, 99 SQ MM Covered Conductors.",Duliajan,-,23/09/2026 01:00 PM,23/09/2026 01:30 PM,5,https://www.oil-india.com/tender-list/124?page=5&op=,https://www.oil-india.com/tender-details/124?in_detail=NzBhMXVnPT0=
124,live:GeM Tenders,51,GEM/2026/B/7956245,"System study, design... System study, design, development and maintenance of corporate website for OIL Green Energy Limited (OGEL)",Duliajan,-,15/09/2026 02:00 PM,15/09/2026 02:30 PM,6,https://www.oil-india.com/tender-list/124?page=6&op=,https://www.oil-india.com/tender-details/124?in_detail=NzBheXZ3PT0=
124,live:GeM Tenders,52,GEM/2026/B/7955183,Procurement of Flame... Procurement of Flame leak Proof (FLP) telephone (QTY.:04 Nos.),Duliajan,-,16/09/2026 01:00 PM,16/09/2026 01:30 PM,6,https://www.oil-india.com/tender-list/124?page=6&op=,https://www.oil-india.com/tender-details/124?in_detail=NzBheXZBPT0=
124,live:GeM Tenders,53,GEM/2026/B/7954769,5 HP Vertical Submer... 5 HP Vertical Submersible Water Pumpset.,Duliajan,-,21/09/2026 09:00 AM,21/09/2026 09:30 AM,6,https://www.oil-india.com/tender-list/124?page=6&op=,https://www.oil-india.com/tender-details/124?in_detail=NzBheXZRPT0=
124,live:GeM Tenders,54,GEM/2026/B/7955037,HIRING SERVICES FOR ... HIRING SERVICES FOR MAINTAINING OIL'S OFC NETWORK (AMC) UNDER PS-10 SECTOR FROM PL KM (1058 TO 1157) W.E.F. 01.01.2027 TO 31.12.2030 FOR 4(FOUR) YEARS.,Barauni,-,15/09/2026 02:00 PM,15/09/2026 02:30 PM,6,https://www.oil-india.com/tender-list/124?page=6&op=,https://www.oil-india.com/tender-details/124?in_detail=NzBhMXRBPT0=
124,live:GeM Tenders,55,GEM/2026/B/7953577,"Area Monitor for Hyd... Area Monitor for Hydrocarbon (HC) & H2S, O2, CO.",Duliajan,-,16/09/2026 01:00 PM,16/09/2026 01:30 PM,6,https://www.oil-india.com/tender-list/124?page=6&op=,https://www.oil-india.com/tender-details/124?in_detail=NzBhMXRRPT0=
124,live:GeM Tenders,56,GEM/2026/B/7949984,Safety Training Kios... Safety Training Kiosk.,Duliajan,-,16/09/2026 01:00 PM,16/09/2026 01:30 PM,6,https://www.oil-india.com/tender-list/124?page=6&op=,https://www.oil-india.com/tender-details/124?in_detail=NzBhMXVBPT0=
124,live:GeM Tenders,57,GEM/2026/B/7944502,Supply of Upper Kell... Supply of Upper Kelly cock.,Duliajan,-,23/09/2026 11:00 AM,23/09/2026 11:30 AM,6,https://www.oil-india.com/tender-list/124?page=6&op=,https://www.oil-india.com/tender-details/124?in_detail=NzBhMXVRPT0=
124,live:GeM Tenders,58,GEM/2026/B/7916829,NON INVASIVE FLUID A... NON INVASIVE FLUID ADDITIVE.,Duliajan,-,16/09/2026 11:00 AM,16/09/2026 11:30 AM,6,https://www.oil-india.com/tender-list/124?page=6&op=,https://www.oil-india.com/tender-details/124?in_detail=NzBheXRBPT0=
124,live:GeM Tenders,59,GEM/2026/B/7948903,"Hiring of caretaking... Hiring of caretaking & catering services for OIL Executive Hostel & Guest house, Digboi & Executive Mess, Manabhum, Arunachal Pradesh.",Duliajan,-,15/09/2026 02:00 PM,15/09/2026 02:30 PM,6,https://www.oil-india.com/tender-list/124?page=6&op=,https://www.oil-india.com/tender-details/124?in_detail=NzBhMXZnPT0=
124,live:GeM Tenders,60,GEM/2026/B/7947894,"SWING CHECK VALVE DN... SWING CHECK VALVE DN350(14"") CLASS 150.",Duliajan,-,16/09/2026 01:00 PM,16/09/2026 01:30 PM,6,https://www.oil-india.com/tender-list/124?page=6&op=,https://www.oil-india.com/tender-details/124?in_detail=NzBhMXZ3PT0=
124,live:GeM Tenders,61,GEM/2026/B/7948020,LOCKERS. LOCKERS.,Duliajan,-,15/09/2026 10:00 AM,15/09/2026 10:30 AM,7,https://www.oil-india.com/tender-list/124?page=7&op=,https://www.oil-india.com/tender-details/124?in_detail=NzBhMXZBPT0=
124,live:GeM Tenders,62,GEM/2026/B/7944785,Procurement of Heati... Procurement of Heating Water Baths (QTY.:02 Nos.),Duliajan,-,11/09/2026 01:00 PM,11/09/2026 01:30 PM,7,https://www.oil-india.com/tender-list/124?page=7&op=,https://www.oil-india.com/tender-details/124?in_detail=NzBhMHRBPT0=
124,live:GeM Tenders,63,GEM/2026/B/7942155,A3 Size Multifunctio... A3 Size Multifunction Printer (MFP).,Kolkata,-,11/09/2026 02:00 PM,11/09/2026 02:30 PM,7,https://www.oil-india.com/tender-list/124?page=7&op=,https://www.oil-india.com/tender-details/124?in_detail=NzBhMHRRPT0=
124,live:GeM Tenders,64,GEM/2026/B/7939738,"Hiring Services for ... Hiring Services for Hydro testing, refilling, dismantling, fitting, painting of the cylinders of the IG541 gas suppression system installed at PS6, PS7 & PS9, including to & from transportation.",Guwahati,-,10/09/2026 02:00 PM,10/09/2026 02:30 PM,7,https://www.oil-india.com/tender-list/124?page=7&op=,https://www.oil-india.com/tender-details/124?in_detail=NzBhMHVRPT0=
124,live:GeM Tenders,65,GEM/2026/B/7938280,"Tubing, 2.7/8"" x 6.5... Tubing, 2.7/8"" x 6.5 PPF x N-80 EUE & accessories.",Jaisalmer,-,09/09/2026 02:00 PM,09/09/2026 02:30 PM,7,https://www.oil-india.com/tender-list/124?page=7&op=,https://www.oil-india.com/tender-details/124?in_detail=NzBhMHZnPT0=
124,live:GeM Tenders,66,GEM/2026/B/7930734,ELECTRICAL CABLES. ELECTRICAL CABLES.,Duliajan,-,09/09/2026 01:00 PM,09/09/2026 01:30 PM,7,https://www.oil-india.com/tender-list/124?page=7&op=,https://www.oil-india.com/tender-details/124?in_detail=NzBhMHZRPT0=
124,live:GeM Tenders,67,GEM/2026/B/7933979,Hiring of Well Desig... Hiring of Well Design and Engineering service for a period of 04 (four) years.,Duliajan,01/09/2026,10/09/2026 02:00 PM,10/09/2026 02:30 PM,7,https://www.oil-india.com/tender-list/124?page=7&op=,https://www.oil-india.com/tender-details/124?in_detail=NzBhM3RBPT0=
124,live:GeM Tenders,68,GEM/2026/B/7928521,Procurement and inst... Procurement and installation of Laboratory Furniture and Fume Hoods.,Duliajan,-,09/09/2026 01:00 PM,09/09/2026 01:30 PM,7,https://www.oil-india.com/tender-list/124?page=7&op=,https://www.oil-india.com/tender-details/124?in_detail=NzBhM3ZnPT0=
124,live:GeM Tenders,69,GEM/2026/B/7925356,Supply of Hydraulic ... Supply of Hydraulic Power Casing Tong.,Duliajan,-,16/09/2026 11:00 AM,16/09/2026 11:30 AM,7,https://www.oil-india.com/tender-list/124?page=7&op=,https://www.oil-india.com/tender-details/124?in_detail=NzBhM3ZBPT0=
124,live:GeM Tenders,70,GEM/2026/B/7928939,Stuffing Box Assembl... Stuffing Box Assembly.,Duliajan,-,16/09/2026 01:00 PM,16/09/2026 01:30 PM,7,https://www.oil-india.com/tender-list/124?page=7&op=,https://www.oil-india.com/tender-details/124?in_detail=NzBhM3ZRPT0=
124,live:GeM Tenders,71,GEM/2026/B/7928171,Reservoir Monitoring... Reservoir Monitoring and Surveillance Software.,Duliajan,-,16/09/2026 01:00 PM,16/09/2026 01:30 PM,8,https://www.oil-india.com/tender-list/124?page=8&op=,https://www.oil-india.com/tender-details/124?in_detail=NzBhMnRBPT0=
124,live:GeM Tenders,72,GEM/2026/B/7925276,"Pneumatic Drill Pipe... Pneumatic Drill Pipe Spinner , Hydraulic Pressure Recorder 6000psi.",Duliajan,-,23/09/2026 11:00 AM,23/09/2026 11:30 AM,8,https://www.oil-india.com/tender-list/124?page=8&op=,https://www.oil-india.com/tender-details/124?in_detail=NzBhMnVBPT0=
124,live:GeM Tenders,73,GEM/2026/B/7922319,"Hiring of Shore Base... Hiring of Shore Based Services for supporting Drilling Operations in Offshore Andaman OALP Blocks i.e. AN-OSHP-2018/1 and AN-OSHP-2018/2 and Offshore KG DSF Block for a period of 6 (Six) months, with provision for an extension by a maximum of 6 (Six) months or part thereof at same rate, terms and conditions.",Kakinada,-,14/09/2026 03:00 PM,14/09/2026 03:30 PM,8,https://www.oil-india.com/tender-list/124?page=8&op=,https://www.oil-india.com/tender-details/124?in_detail=NzBhMnVRPT0=
124,live:GeM Tenders,74,GEM/2026/B/7923490,Bleaching Powder Dos... Bleaching Powder Dosing System/ Displacement Type Chlorinator.,Duliajan,-,11/09/2026 10:00 AM,11/09/2026 10:30 AM,8,https://www.oil-india.com/tender-list/124?page=8&op=,https://www.oil-india.com/tender-details/124?in_detail=NzBhMnZ3PT0=
124,live:GeM Tenders,75,GEM/2026/B/7926244,"Hiring of services t... Hiring of services to carry out comprehensive Non-Destructive Testing (NDT) of pipelines, pressure vessels, storage tanks, and fire water lines at the Central Gas Gathering Station (CGGS), Madhuban.",Duliajan,-,15/09/2026 02:00 PM,16/09/2026 02:00 PM,8,https://www.oil-india.com/tender-list/124?page=8&op=,https://www.oil-india.com/tender-details/124?in_detail=NzBhMnVnPT0=
124,live:GeM Tenders,76,GEM/2026/B/7919096,"Category-A: Hiring o... Category-A: Hiring of services for well planning process through automation of Drilling and Workover rig scheduling process, enablement of a collaborative platform for well planning activities. AND Category-B: Hiring of services for implementation of solution which combines historical drilling data, petrophysical models, historical surface data, downhole data, and AI/ML-driven predictive analytics to derive optimal bit selection, improve Rate of Penetration (ROP), extend bit life, and optimize Pick-Up-Out-of-Hole (POOH) decisions.",Andaman & Nicobar Islands,02/09/2026,14/09/2026 02:00 PM,14/09/2026 02:30 PM,8,https://www.oil-india.com/tender-list/124?page=8&op=,https://www.oil-india.com/tender-details/124?in_detail=NzBlL3V3PT0=
124,live:GeM Tenders,77,GEM/2026/B/7914442,"Design, Development ... Design, Development & Implementation of a Engineering/Process Digital Twin in Makum OCS, Hebeda GCS, Madhuban CGGS & OTP.",Duliajan,01/09/2026,11/09/2026 02:00 PM,11/09/2026 02:30 PM,8,https://www.oil-india.com/tender-list/124?page=8&op=,https://www.oil-india.com/tender-details/124?in_detail=NzBlL3VBPT0=
124,live:GeM Tenders,78,GEM/2026/B/7914336,Digital Standee. Digital Standee.,Duliajan,-,09/09/2026 01:00 PM,09/09/2026 01:30 PM,8,https://www.oil-india.com/tender-list/124?page=8&op=,https://www.oil-india.com/tender-details/124?in_detail=NzBlL3VRPT0=
124,live:GeM Tenders,79,GEM/2026/B/7914292,"HIRING OF SERVICES F... HIRING OF SERVICES FOR MAINTENANCE, ANNUAL EXAMINATION, LOAD TESTING AND CERTIFICATION OF 15T/10T/7.5T/6T/5T/3T/2T/1T CAPACITY OVERHEAD HOT/ EOT CRANES, MONORAILS AND LIFTING TOOLS & TACKLES INSTALLED AT NBPL PS-1, RT-DIGBOI, TPS, PS-2, PS-3, PS-4, PS5, RT-GHY, PS-6,RT-BONGAIGAON & AT NSPL-NDT , PS4 , PS5 , PS6 UNDER PS-3 JORHAT MAINTENANCE BASE & PS5 GUWAHATI MAINTENANCE BASE FOR A PERIOD OF THREE YEARS.",Guwahati,-,15/09/2026 02:00 PM,15/09/2026 02:30 PM,8,https://www.oil-india.com/tender-list/124?page=8&op=,https://www.oil-india.com/tender-details/124?in_detail=NzBlL3Z3PT0=
124,live:GeM Tenders,80,GEM/2026/B/7815097,"LED Luminaire for Fl... LED Luminaire for Flood Light, Flame Proof.",Duliajan,-,09/09/2026 01:00 PM,09/09/2026 01:30 PM,8,https://www.oil-india.com/tender-list/124?page=8&op=,https://www.oil-india.com/tender-details/124?in_detail=NzBlK3RRPT0=
124,live:GeM Tenders,81,GEM/2026/B/7913933,"HIRING SERVICES OF 0... HIRING SERVICES OF 01(ONE) NO. BRAND NEW MAHINDRA BOLERO, B6, BSVI,2.0 OR EQUIVALENT (DIESEL DRIVEN, 2WD HAVING COMMERCIAL REGISTRATION, INCLUDING ALL MANDATORY COMPANY PROVIDED FITTINGS AND ACCESSORIES) FOR PLYING UNDER NUMALIGARH TERMINAL FOR OPERATIONAL PURPOSES FOR A PERIOD OF 04 (FOUR) YEARS.",Numaligarh,-,15/09/2026 02:00 PM,15/09/2026 02:30 PM,9,https://www.oil-india.com/tender-list/124?page=9&op=,https://www.oil-india.com/tender-details/124?in_detail=NzBlK3RBPT0=
124,live:GeM Tenders,82,GEM/2026/B/7909830,"Hiring of services f... Hiring of services for implementation of a comprehensive Asset Lifecycle Management solution (including installation and commissioning of sensors in rotary equipment for data gathering for AI-based predictive maintenance) designed to manage physical assets of OIL throughout their entire lifecycle from planning, procurement, deployment, maintenance, & decommissioning.",Duliajan,31/08/2026,10/09/2026 02:00 PM,10/09/2026 02:30 PM,9,https://www.oil-india.com/tender-list/124?page=9&op=,https://www.oil-india.com/tender-details/124?in_detail=NzBlK3VnPT0=
124,live:GeM Tenders,83,GEM/2026/B/7896346,500Ton Casing Pneuma... 500Ton Casing Pneumatic Spiders.,Duliajan,-,09/09/2026 11:00 AM,09/09/2026 11:30 AM,9,https://www.oil-india.com/tender-list/124?page=9&op=,https://www.oil-india.com/tender-details/124?in_detail=NzBlK3VRPT0=
124,live:GeM Tenders,84,GEM/2026/B/7895599,"Supply of 25KVA, 11/... Supply of 25KVA, 11/0.415 kV Transformer (EEL-3), 100KVA, 11/0.415 kV Transformer (EEL-3) , 250KVA, 11/0.415 kV Transformer (EEL-3) , 500KVA, 11/0.415 kV Transformer (EEL-3).",Duliajan,-,09/09/2026 01:00 PM,09/09/2026 01:30 PM,9,https://www.oil-india.com/tender-list/124?page=9&op=,https://www.oil-india.com/tender-details/124?in_detail=NzBlK3ZnPT0=
124,live:GeM Tenders,85,GEM/2026/B/7890848,Potassium Chloride. Potassium Chloride.,Duliajan,-,09/09/2026 01:00 PM,09/09/2026 01:30 PM,9,https://www.oil-india.com/tender-list/124?page=9&op=,https://www.oil-india.com/tender-details/124?in_detail=NzBhenZRPT0=
124,live:GeM Tenders,86,GEM/2026/B/7900928,"HIRING THE SERVICES ... HIRING THE SERVICES OF 01 (ONE) NO. BRAND NEW MAHINDRA BOLERO-B6- OPT OR ITS EQUIVALENT MODEL, 2 WHEEL DRIVE, DIESEL ENGINE DRIVEN LIGHT PASSENGER VEHICLE WITH DRIVER AND ALL FITTINGS & ACCESSORIES FOR USE IN MATERIALS SECTION OF PHQ FOR A PERIOD OF 4(FOUR) YEARS.",Guwahati,-,10/09/2026 02:00 PM,10/09/2026 02:30 PM,9,https://www.oil-india.com/tender-list/124?page=9&op=,https://www.oil-india.com/tender-details/124?in_detail=NzBleHRBPT0=
124,live:GeM Tenders,87,GEM/2026/B/7902194,Hiring the services ... Hiring the services for PPE and Unsafe Act Detection using Video Analytics solution for OIL India Ltd.,Duliajan,25/08/2026,29/09/2026 02:00 PM,30/09/2026 02:00 PM,9,https://www.oil-india.com/tender-list/124?page=9&op=,https://www.oil-india.com/tender-details/124?in_detail=NzBleHVBPT0=
124,live:GeM Tenders,88,GEM/2026/B/7896295,Mud mixing & sto... Mud mixing & storage system.,Duliajan,-,09/09/2026 01:00 PM,09/09/2026 01:30 PM,9,https://www.oil-india.com/tender-list/124?page=9&op=,https://www.oil-india.com/tender-details/124?in_detail=NzBleHV3PT0=
124,live:GeM Tenders,89,GEM/2026/B/7893529,Procurement of All-i... Procurement of All-in-One Digital Podium.,Duliajan,-,09/09/2026 01:00 PM,09/09/2026 01:30 PM,9,https://www.oil-india.com/tender-list/124?page=9&op=,https://www.oil-india.com/tender-details/124?in_detail=NzBleHZ3PT0=
124,live:GeM Tenders,90,GEM/2026/B/7895247,"Hiring of consultanc... Hiring of consultancy services to carry out Geological & Geophysical (G&G) Interpretation, Basin Modelling and Prospectivity Assessment in and around OALP-IX blocks MN-UDWHP-2023/2 & MN-UDWHP-2023/3 in Mahanadi Basin and KG-UDWHP-2023/1 & KG-UDWHP-2023/2 in the Krishna-Godavari Basin, Eastern Offshore, India.",Kakinada,31/08/2026,14/09/2026 03:00 PM,14/09/2026 03:30 PM,9,https://www.oil-india.com/tender-list/124?page=9&op=,https://www.oil-india.com/tender-details/124?in_detail=NzBld3RRPT0=
124,live:GeM Tenders,91,GEM/2026/B/7887970,Methanol Dosing Pump... Methanol Dosing Pump Sets.,Duliajan,-,09/09/2026 09:00 AM,09/09/2026 09:30 AM,10,https://www.oil-india.com/tender-list/124?page=10&op=,https://www.oil-india.com/tender-details/124?in_detail=NzBlenVnPT0=
124,live:GeM Tenders,92,GEM/2026/B/7892523,Auto Climb for WTGs. Auto Climb for WTGs.,Jaisalmer,-,14/09/2026 02:00 PM,14/09/2026 02:30 PM,10,https://www.oil-india.com/tender-list/124?page=10&op=,https://www.oil-india.com/tender-details/124?in_detail=NzBld3ZnPT0=
124,live:GeM Tenders,93,GEM/2026/B/7871815,"Consultancy services... Consultancy services for transition of OIL's existing Information Security Management System (ISMS) from ISO/IEC 27001:2013 to ISO/IEC 27001:2022, specifically covering the IT Data Centres and the IT Department along with certification and implementation of a GRC tool.",Duliajan,-,10/09/2026 02:00 PM,10/09/2026 02:30 PM,10,https://www.oil-india.com/tender-list/124?page=10&op=,https://www.oil-india.com/tender-details/124?in_detail=NzBlenZnPT0=
124,live:GeM Tenders,94,GEM/2026/B/7861808,Hiring of Consultanc... Hiring of Consultancy services for carrying out feasibility study of Underbalanced Drilling (UBD) technology including Project Management Consultancy (PMC) in Assam.,Duliajan,11/08/2026,21/09/2026 02:00 PM,22/09/2026 02:00 PM,10,https://www.oil-india.com/tender-list/124?page=10&op=,https://www.oil-india.com/tender-details/124?in_detail=NzBlMXVRPT0=
124,live:GeM Tenders,95,GEM/2026/B/7850972,Hiring of Services f... Hiring of Services for Digitalization of Seismic Data Management System at Primary Data Centre (Duliajan) & Secondary Data Centre (Noida) of OIL.,Duliajan,10/08/2026,10/09/2026 02:00 PM,10/09/2026 02:30 PM,10,https://www.oil-india.com/tender-list/124?page=10&op=,https://www.oil-india.com/tender-details/124?in_detail=NzBlMHVRPT0=
124,live:GeM Tenders,96,GEM/2026/B/7850622,"Hiring of services f... Hiring of services for implementation of ""Smart and Sustainable Procurement & Analytics"" project for Oil India Limited.",Duliajan,13/08/2026,10/09/2026 02:00 PM,10/09/2026 02:30 PM,10,https://www.oil-india.com/tender-list/124?page=10&op=,https://www.oil-india.com/tender-details/124?in_detail=NzBlMHZnPT0=
124,live:GeM Tenders,97,GEM/2026/B/7841968,"Design, Supply, Impl... Design, Supply, Implementation and Support of an AI Driven Project Performance Monitoring Solution.",Duliajan,12/08/2026,29/09/2026 02:00 PM,30/09/2026 02:00 PM,10,https://www.oil-india.com/tender-list/124?page=10&op=,https://www.oil-india.com/tender-details/124?in_detail=NzBlM3RBPT0=
124,live:GeM Tenders,98,GEM/2026/B/7807615,FIRE PROXIMITY SUIT. FIRE PROXIMITY SUIT.,Duliajan,-,16/09/2026 01:00 PM,16/09/2026 01:30 PM,10,https://www.oil-india.com/tender-list/124?page=10&op=,https://www.oil-india.com/tender-details/124?in_detail=NkU2L3ZRPT0=
124,live:GeM Tenders,99,GEM/2026/B/7700554,Hiring of Cementing ... Hiring of Cementing Services along with 04 (Four) no. of Cementing Units.,Duliajan,02/07/2026,17/09/2026 02:00 PM,17/09/2026 02:30 PM,10,https://www.oil-india.com/tender-list/124?page=10&op=,https://www.oil-india.com/tender-details/124?in_detail=NkU2M3VRPT0=
124,live:GeM Tenders,100,GEM/2026/B/7677715,"Hiring of agency for... Hiring of agency for charter hire of Medevac helicopter services to support Drilling Operations in Andaman Offshore Blocks, Krishna Godavari and Mahanadi Offshore Blocks on the East Coast of Indian waters for a period of 03 (Three) years extendable by another maximum 12 (Twelve) months at the same rates, terms and conditions.",Kakinada,14/07/2026,11/09/2026 02:00 PM,12/09/2026 02:00 PM,10,https://www.oil-india.com/tender-list/124?page=10&op=,https://www.oil-india.com/tender-details/124?in_detail=NkUrL3RRPT0=
124,live:GeM Tenders,101,GEM/2026/B/7611057,HIRING OF SERVICES F... HIRING OF SERVICES FOR SUPPLY OF CHEMICALS ALONG WITH PUMPING PACKAGE TO ADDRESS FLOW ASSURANCE ISSUES IN STL WELLS FLOWLINES AS A PILOT PROJECT.,Duliajan,-,09/09/2026 02:00 PM,09/09/2026 02:30 PM,11,https://www.oil-india.com/tender-list/124?page=11&op=,https://www.oil-india.com/tender-details/124?in_detail=NkUrMXZ3PT0=
124,live:GeM Tenders,102,GEM/2026/B/7561254,"HIRING OF DIRECTIONA... HIRING OF DIRECTIONAL DRILLING AND RANGING SERVICES FOR FIVE (05) NOS OF SAGD WELLS WHICH INCLUDES TEN (10) HORIZONTAL WELLS, INCLUDING WELL DESIGNING, WELL PLANNING, WELL MONITORING AND EXECUTION IN BAGHEWALA FOR A PERIOD OF 03 (THREE) YEARS.",Jaisalmer,03/06/2026,09/09/2026 03:00 PM,09/09/2026 03:30 PM,11,https://www.oil-india.com/tender-list/124?page=11&op=,https://www.oil-india.com/tender-details/124?in_detail=NkVDenRBPT0=
