nit_id,tender_reference,tender_title,source_of_nit,closing_date,detail_url,found_via
30231,GEM/2026/B/8006388,Procurement of Sludge Pump for CT Area,NTECL: NTPC TamilNadu Energy Company Ltd.,29/09/2026,https://ntpctender.ntpc.co.in/NITDetails/NITs/30231,type=Live Tenders
30230,NTPC/USSC-CPG1/9900331751,Balance Civil Works of CHP Package of NTPC Kudgi,Western Region Head Quarter-II,28/09/2026,https://ntpctender.ntpc.co.in/NITDetails/NITs/30230,type=Live Tenders
30229,EOI/NTPC/AU-Darlipali/DFA/2026,"Expression of Interest (EOI) for Issue of Dry Fly Ash on free of cost, first come first served basis with Transportation cost by user, from NTPC Darlipali",Darlipali STPP,15/09/2026,https://ntpctender.ntpc.co.in/NITDetails/NITs/30229,type=Live Tenders
30228,GEM/2026/B/7920372,"OUTSOURCING NABL ACCREDITED DIAGNOSTIC LABORATORY SERVICES FOR AAROGYA PHC, NTECL",NTECL: NTPC TamilNadu Energy Company Ltd.,28/09/2026,https://ntpctender.ntpc.co.in/NITDetails/NITs/30228,type=Live Tenders
30227,9900328076,Procurement of 50MVA 220KV/11.5KV Power Transformer for CO2-ESS System at NTPC Kudgi,Corporate Contracts,28/09/2026,https://ntpctender.ntpc.co.in/NITDetails/NITs/30227,type=Live Tenders
30226,GEM/2026/B/7997821,BIENNIAL CONTRACT FOR PROVIDING PEST CONTROL WORKS AT NTECL TOWNSHIP,NTECL: NTPC TamilNadu Energy Company Ltd.,25/09/2026,https://ntpctender.ntpc.co.in/NITDetails/NITs/30226,type=Live Tenders
30225,GEM/2026/B/7990061,Procurement of Baffle Plate Assembly for Pipe Conveyor of CHP,NTECL: NTPC TamilNadu Energy Company Ltd.,25/09/2026,https://ntpctender.ntpc.co.in/NITDetails/NITs/30225,type=Live Tenders
30224,CS-0011-011(11)-9,"Procurement of 1.5 MMT of Domestic Coal for NTPCs Dadri, Unchahar & Barh Power Station (0.5 MMT each), Bidding Document No. CS-0011-011(11)-9",Corporate Contracts,08/09/2026 (Closed),https://ntpctender.ntpc.co.in/NITDetails/NITs/30224,type=Live Tenders
30223,EOI/AM-BRBCL/PondAsh/2026,"EOI for Lifting of Pond Ash on Free of Cost and as is where is Basis from BRBCL, Nabinagar, Aurangabad",Bhartiya Rail Bijlee Company Limited (Subsidiary),20/09/2026,https://ntpctender.ntpc.co.in/NITDetails/NITs/30223,type=Live Tenders
30222,GEM/2026/B/7970439,Procurement of Grab Bucket Assembly for Grab Unloader,NTECL: NTPC TamilNadu Energy Company Ltd.,24/09/2026,https://ntpctender.ntpc.co.in/NITDetails/NITs/30222,type=Live Tenders
30221,GEM/2026/B/7993689,"Hiring of ONE (01) no AC Vehicle (Latest model of Mahindra Scorpio - N or equivalent 4WD vehicle 2025) for 12 months, 12 Hrs duty basis with a provision for extension of 3 months as per scope of work for use in NTPC REL",Renewable Energy,14/09/2026,https://ntpctender.ntpc.co.in/NITDetails/NITs/30221,type=Live Tenders
30220,NTECL/C&M/CS-6135R,BIENNIAL MAINTENANCE CONTRACT FOR ASH DYKE AT NTECL-VALLUR,NTECL: NTPC TamilNadu Energy Company Ltd.,12/09/2026,https://ntpctender.ntpc.co.in/NITDetails/NITs/30220,type=Live Tenders
30219,NTPC/EOC/9900332604,"Design, Manufacturing, Supply, Installation and Commissioning of UF-RO-UVSystem for DMW at 2TPD H2 plant, CTM site VSTPS",Corporate Contracts,08/09/2026 (Closed),https://ntpctender.ntpc.co.in/NITDetails/NITs/30219,type=Live Tenders
30218,GEM/2026/B/7985786,Biennial Maintenance Contract of MGR Track of TSTPS NTPC Kaniha from inside plant area including newly laid wagon tippler Track to 15Km including Kaniha Lines,Western Region Head Quarter-II,23/09/2026,https://ntpctender.ntpc.co.in/NITDetails/NITs/30218,type=Live Tenders
30217,NVVN/C&M/2026-27/RE-537,"EOI For SETTING UP AND OPERATION OF A BIOMASS PELLET PLANT AT ITWA, 
DISTRICT SIDDHARTH NAGAR, UTTAR PRADESH ON BUILD-OWN-OPERATE (BOO) BASIS",NVVNL - NTPC Vidyut Vyapar Nigam Ltd.,22/09/2026,https://ntpctender.ntpc.co.in/NITDetails/NITs/30217,type=Live Tenders
30216,GEM/2026/B/7962951,BOBR Wagons + Brake Wagons for NTPC,Western Region Head Quarter-II,28/09/2026,https://ntpctender.ntpc.co.in/NITDetails/NITs/30216,type=Live Tenders
30214,CS-0011-011(10)-9,"PROCUREMENT OF 2.5 MMT DOMESTIC NTPC’S TELANGANA, SIMHADRI, MOUDA, TANDA & NABINAGAR POWER STATIONS",Corporate Contracts,16/09/2026,https://ntpctender.ntpc.co.in/NITDetails/NITs/30214,type=Live Tenders
30215,GEM/2026/B/7980947,"Biennial contract for Operation & maintenance of Locos, Yard operation, Deployment of Staff for Signal and track at NTPC Tanda (2026-28)",Western Region Head Quarter-II,22/09/2026,https://ntpctender.ntpc.co.in/NITDetails/NITs/30215,type=Live Tenders
30203,48MEG-01-01092026,BOILER STRAIGHT TUBES (CARBON STEEL),Vendor Development Cell (Raipur CG),22/09/2026,https://ntpctender.ntpc.co.in/NITDetails/NITs/30203,type=Live Tenders
30204,46MEG-02-01092026,Grinding Ball for Ball and Tube Type Coal Pulveriser,Vendor Development Cell (Raipur CG),22/09/2026,https://ntpctender.ntpc.co.in/NITDetails/NITs/30204,type=Live Tenders
30208,BMD-26-01092026,Post Operational Chemical Cleaning of Boiler,Vendor Development Cell (Raipur CG),22/09/2026,https://ntpctender.ntpc.co.in/NITDetails/NITs/30208,type=Live Tenders
30207,FQA-01-01092026,"Radiography, other NDT Job and Stress Relieving/Heat Treatmentin Plant",Vendor Development Cell (Raipur CG),22/09/2026,https://ntpctender.ntpc.co.in/NITDetails/NITs/30207,type=Live Tenders
30206,TMD-20-01092026,Repair of BFP Main pump Cartridge for units up to 500 MW units at vendor works,Vendor Development Cell (Raipur CG),22/09/2026,https://ntpctender.ntpc.co.in/NITDetails/NITs/30206,type=Live Tenders
30205,16MEG-11-01092026,FIRE FIGHTING HOSES,Vendor Development Cell (Raipur CG),22/09/2026,https://ntpctender.ntpc.co.in/NITDetails/NITs/30205,type=Live Tenders
30209,OFF-12-01092026,Hiring of Pumps,Vendor Development Cell (Raipur CG),22/09/2026,https://ntpctender.ntpc.co.in/NITDetails/NITs/30209,type=Live Tenders
30210,CHP-98-01092026,MECHANICAL MAINTENANCE OF COAL HANDLING PLANT (CAT-II) TYPE,Vendor Development Cell (Raipur CG),22/09/2026,https://ntpctender.ntpc.co.in/NITDetails/NITs/30210,type=Live Tenders
30211,TMD-21-01092026,"Mechanical Maintenance (AMC/BMC) of Gas Turbine (Turbine and Auxiliaries), Steam Turbine (Turbine and Auxiliaries)",Vendor Development Cell (Raipur CG),22/09/2026,https://ntpctender.ntpc.co.in/NITDetails/NITs/30211,type=Live Tenders
30212,ROAD-02-01092026,Enlistment of vendors for Bituminous Road work - Construction/ Repair/ Maintenance/ Strengthening/Widening/ Resurfacing/ Carpeting,Vendor Development Cell (Raipur CG),22/09/2026,https://ntpctender.ntpc.co.in/NITDetails/NITs/30212,type=Live Tenders
30213,IT-04-01092026,Enlistment of Vendors for IT Services Development & Maintenance of Web / Mobile based Applications (Category-I),Vendor Development Cell (Raipur CG),22/09/2026,https://ntpctender.ntpc.co.in/NITDetails/NITs/30213,type=Live Tenders
30202,NTPC/USSC-CPG1/9900331013,"DESIGN, ENGINEERING, SUPPLY, CONSTRUCTION, ERECTION AND INSTALLATION OF DUST
CURTAIN ALONG BOUNDARY WALL IN STAGE-I AND II CHP AREA FGUTPP UNCHAHAR",Western Region Head Quarter-II,16/09/2026,https://ntpctender.ntpc.co.in/NITDetails/NITs/30202,type=Live Tenders
30201,NTPC/USSC-CPG1/9900331015,"R&M OF INSULATION MATTRESS WITH ALUMINIUM CLADDING SHEET & ACCESSORIES OF ST-2
BOILER PRESSURE PARTS(3X500MW) AT NTPC KORBA",Western Region Head Quarter-II,09/09/2026 1 day to go,https://ntpctender.ntpc.co.in/NITDetails/NITs/30201,type=Live Tenders
30200,NTPC/EPC/EOI/SUB-CR-250/2026,"Expression of Interest for Identification of Vendors for Design, Engineering, Manufacturing, Supply, Erection,
Testing & Commissioning of Sub-Critical Thermal Power Units on EPC basis suitable for Flexible Operation
including Two shift operation",SRHQ Hyderabad,30/09/2026,https://ntpctender.ntpc.co.in/NITDetails/NITs/30200,type=Live Tenders
30199,PVUNL/Patratu/9900331185,Widening of Road Outside of Plant area at PVUNL.,Patratu Vidyut Utpadan Nigam Limited (Subsidiary),19/09/2026,https://ntpctender.ntpc.co.in/NITDetails/NITs/30199,type=Live Tenders
30198,PVUNL/Patratu/9900331962,"Construction of 5 nos. Toilet Block and 1 rest room for round the clock operation of workers at different locations of inside plant area, including the electrification works in PVUNL, Patratu.",Patratu Vidyut Utpadan Nigam Limited (Subsidiary),19/09/2026,https://ntpctender.ntpc.co.in/NITDetails/NITs/30198,type=Live Tenders
30196,EOI/1/MSE/DFA/2026-27,Expression of Interest for Dry Fly Ash on first come first serve basis for MSE and local users within 100 Kms from NTPC Farakka,Farakka Super Thermal Power Project,12/09/2026,https://ntpctender.ntpc.co.in/NITDetails/NITs/30196,type=Live Tenders
30193,GEM/2026/B/7919969,"Supply, Installation and Commissioning of Online Vibration Monitoring Sensors on Rental basis for Predictive Maintenance of PAPH Motors at IGSTPP Jharli",IGSTPP: Aravali Power Copany Private Limited-Jhajjar (JV),11/09/2026,https://ntpctender.ntpc.co.in/NITDetails/NITs/30193,type=Live Tenders
30194,EOI/DFA/TSTPS/2026-27/01,"EOI for Issue of Dry Fly Ash on Free of Cost, First come First Served Basis with Transportation by Bidder, from NTPC Talcher Kaniha",Talcher Thermal Power Station,21/09/2026,https://ntpctender.ntpc.co.in/NITDetails/NITs/30194,type=Live Tenders
30192,GEM/2026/B/7965374,"SUPPLY, INSTALLATION AND COMMISSIONING OF DRY FOG DUST SUPPRESSION SYSTEM (DFDS) IN CHP (CRUSHER HOUSE, TP5, TP15 AND TP16) AREA AT NTECL",NTECL: NTPC TamilNadu Energy Company Ltd.,17/09/2026,https://ntpctender.ntpc.co.in/NITDetails/NITs/30192,type=Live Tenders
30191,GEM/2026/B/7950222,Bienniel Job Contract for Assistance in Operation and House Keeping of Ash handling System 1130 (BHILAI PP-3),NTPC-SAIL Power Company Limited (NSPCL) - Bhilai,16/09/2026,https://ntpctender.ntpc.co.in/NITDetails/NITs/30191,type=Live Tenders
30190,NVVN/C&M/RE-528/2026-27,"Selection of Developer on Build, Own and Operate (BOO) Basis for Setting up and Operating a 100 TPD Biomass Pellet Plant and Supply of Biomass Pellets for 15 years at Guru Hargobind Thermal Power Plant (GHTP), Lehra Mohabbat, Punjab.",NVVNL - NTPC Vidyut Vyapar Nigam Ltd.,09/09/2026 1 day to go,https://ntpctender.ntpc.co.in/NITDetails/NITs/30190,type=Live Tenders
30189,GEM/2026/B/7950433,Procurement of PVC V Bars For Cooling Tower,NTECL: NTPC TamilNadu Energy Company Ltd.,16/09/2026,https://ntpctender.ntpc.co.in/NITDetails/NITs/30189,type=Live Tenders
30187,NTECL/C&M/CS-6217,Encasing of Steel column bases in ECHP area of NTECL,NTECL: NTPC TamilNadu Energy Company Ltd.,14/09/2026,https://ntpctender.ntpc.co.in/NITDetails/NITs/30187,type=Live Tenders
30185,NTPC/USSC-CPGl/9900331843,"Supply, Design, Erection, Retrofitting and Commissioning of 400 KV Circuit Breakers in Switchyard of NT PC Vindhyachal Stage 3 Under ADDCAP",Western Region Head Quarter-II,15/09/2026,https://ntpctender.ntpc.co.in/NITDetails/NITs/30185,type=Live Tenders
30186,NTECL/C&M/CS-6166,BIENNIAL CONTRACT FOR CIVIL MAINTENANCE WORKS AT NTECL TOWNSHIP,NTECL: NTPC TamilNadu Energy Company Ltd.,12/09/2026,https://ntpctender.ntpc.co.in/NITDetails/NITs/30186,type=Live Tenders
30183,GEM/2026/B/7946012,Procurement Of Cast Basalt Pipes And Fittings For Ash Slurry Disposal Pipe Lines,NTECL: NTPC TamilNadu Energy Company Ltd.,14/09/2026,https://ntpctender.ntpc.co.in/NITDetails/NITs/30183,type=Live Tenders
30182,GEM/2026/B/7877335,"Comprehensive AMC Services for Cisco Make Routers, Switches, Servers & SD WAN Controllers and Messaging Solutions",Corporate Contracts,15/09/2026,https://ntpctender.ntpc.co.in/NITDetails/NITs/30182,type=Live Tenders
30179,CS-6401-301A-9,Site Enabling Works Package for Great Nicobar Island Gas Engine Power Project (108 MW ± 5 MW),Corporate Contracts,21/09/2026,https://ntpctender.ntpc.co.in/NITDetails/NITs/30179,type=Live Tenders
30180,GEM/2026/B/7885771,ENGAGEMENT OF AGENCY FOR PROVIDING FIELD QUALITY ASSURANCE SERVICE THROUGH DEPLOYMENT OF FIELD QUALITY SERVICE ENGINEERS AT NTECL VALLUR,NTECL: NTPC TamilNadu Energy Company Ltd.,12/09/2026,https://ntpctender.ntpc.co.in/NITDetails/NITs/30180,type=Live Tenders
30177,GEM/2026/B/7941062,Procurement of Battery Operated Platform Truck,NTECL: NTPC TamilNadu Energy Company Ltd.,12/09/2026,https://ntpctender.ntpc.co.in/NITDetails/NITs/30177,type=Live Tenders
30176,EOI/ADM/001/DryFlyAsh/2026,Fly Ash Supply to Micro and Small Enterprises (MSE’s) and Local Users (situated within 100 Kms radial distance) from NTPC Simhadri STPS,Simhadri Thermal Power Project,13/09/2026,https://ntpctender.ntpc.co.in/NITDetails/NITs/30176,type=Live Tenders
30172,EOI/AM-Khs/DryFlyAsh/2026,"For Sale of Dry Fly Ash to MSE’s and Local Users on Rs. 1/MT+GST, first come First Served Basis
with Transportation by Bidder, from NTPC Kahalgaon",Kahalgaon Super Thermal Power,10/09/2026,https://ntpctender.ntpc.co.in/NITDetails/NITs/30172,type=Live Tenders
30171,GEM/2026/B/7932417,PROCUREMENT OF ESP SHAFT AND SUPPORT INSULATOR HEATERS,NTECL: NTPC TamilNadu Energy Company Ltd.,08/09/2026 (Closed),https://ntpctender.ntpc.co.in/NITDetails/NITs/30171,type=Live Tenders
30168,GEM/2026/B/7917666,Total Logistics Contract of Import and Export Consignments at Delhi Airport for various NTPC Projects/ Stations for a period of 02 (two) Years,Corporate Contracts,10/09/2026,https://ntpctender.ntpc.co.in/NITDetails/NITs/30168,type=Live Tenders
30169,NTPC/EOC/9900329680,Replacement of the Firefighting System at Noida Townships (Shubham and Samridhi and Shaurya),Corporate Contracts,09/09/2026 1 day to go,https://ntpctender.ntpc.co.in/NITDetails/NITs/30169,type=Live Tenders
30167,GEM/2026/B/7917818,PROCUREMENT OF 1No. BFR wagon for NTPC Mauda and 1No. Covered BCNHL wagon for NTPC Rihand,Western Region Head Quarter-II,11/09/2026,https://ntpctender.ntpc.co.in/NITDetails/NITs/30167,type=Live Tenders
30166,NRE-CS-5924-003(WTG)-9,"SUPPLY AND INSTALLATION OF WIND TURBINE GENERATORS (WTG) FOR ISTS CONNECTED WIND ENERGY PROJECT WITH NOMINAL CAPACITY OF 600 MW (200 WTG) IN ANANTAPUR, ANDHRA PRADESH",Renewable Energy,14/09/2026,https://ntpctender.ntpc.co.in/NITDetails/NITs/30166,type=Live Tenders
30164,GEM/2026/B/7931579,Digitization and Records Management Services (RMS).,Western Region Head Quarter-II,08/09/2026 (Closed),https://ntpctender.ntpc.co.in/NITDetails/NITs/30164,type=Live Tenders
30165,GEM/2026/B/7927228,Procurement of  Nylon Net for Covering OAC,NTECL: NTPC TamilNadu Energy Company Ltd.,09/09/2026 1 day to go,https://ntpctender.ntpc.co.in/NITDetails/NITs/30165,type=Live Tenders
30162,GEM/2026/B/7870926,Procurement of MTM Thermocouples for Additional MTM Requirement at NTPC Barh and NTPC Singrauli,Western Region Head Quarter-II,08/09/2026 (Closed),https://ntpctender.ntpc.co.in/NITDetails/NITs/30162,type=Live Tenders
30161,VSTPS/GreenChem/EOI-2/26-27,Expression of Interest (EOI) for Sale of Green Methanol and Solid CO2 (Dry Ice) generated from 10 TPD Carbon Dioxide to Methanol (CTM) Plant Vidhyachal,Vindhyachal Super Thermal Power,14/09/2026,https://ntpctender.ntpc.co.in/NITDetails/NITs/30161,type=Live Tenders
30152,CS-7014-940-9,"Engagement of Technology Licensor for Methanation Unit in Coal Gasification based Synthetic Natural Gas (SNG) SNG Project at NTPC Talai Palli, Chhattisgarh",Corporate Contracts,21/09/2026,https://ntpctender.ntpc.co.in/NITDetails/NITs/30152,type=Live Tenders
30131,CS-6401-001A-2,GREAT NICOBAR ISLAND GAS ENGINE POWER PROJECT (108 MW ±5 MW) EPC PACKAGE LOCATED AT GREAT NICOBAR ISLAND,Corporate Contracts,08/09/2026 (Closed),https://ntpctender.ntpc.co.in/NITDetails/NITs/30131,type=Live Tenders
30122,9900330223,"Civil works of ICT, 1500 MVA, 765/400KV & its associated bay works at 765 KV & 400KV Switchyard for NTPC SIPAT",Corporate Contracts,08/09/2026 (Closed),https://ntpctender.ntpc.co.in/NITDetails/NITs/30122,type=Live Tenders
30082,GEM/2026/B/7732168,Cyber Security Audit of OT & IT Systems Across NTPC and Web & Mobile Applications Audit for a Period of 3 Years,"Corporate Materials (EOC, Scope, PMI, NETRA)",15/09/2026,https://ntpctender.ntpc.co.in/NITDetails/NITs/30082,type=Live Tenders
30081,CS-9590-001D-9,"Development, Design and Setup of 10 MLD Water Treatment Plant (WTP), Fire Fighting System and 132/33KV GIS Substation at NTPC Pudimadaka",Corporate Contracts,10/09/2026,https://ntpctender.ntpc.co.in/NITDetails/NITs/30081,type=Live Tenders
30054,MBRAPP/CMM/2026/NIMEP/01,"Nuclear Island Mega EPC Package (NIMEP) for Mahi Banswara Rajasthan Atomic Power Project, Units 1 to 4",ASHVINI (AnuShatki Vidhyut Nigam) Ltd.,30/09/2026,https://ntpctender.ntpc.co.in/NITDetails/NITs/30054,type=Live Tenders
30038,62MEG-01-07072026,"Supply of Oil Filtration machines, with or without Vacuum de-hydration systems, for Fire
Resistant Fluids (FRFs), Turbine Oil, Lube oils & Hydraulic oils filtration purpose. Note
Oil filtration machines for Transformer Oils are not included under this enlistment",Vendor Development Cell (Raipur CG),22/09/2026,https://ntpctender.ntpc.co.in/NITDetails/NITs/30038,type=Live Tenders
29741,CMCC260017,R&M Pakcage of Coal Mills at Durgapur PP-II (2X60 MW)  Bidding document  CMCC260017,NSPCL Corporate Centre,08/09/2026 (Closed),https://ntpctender.ntpc.co.in/NITDetails/NITs/29741,type=Live Tenders
29708,NRE-CS-5929-003(WTG)-9R,"SUPPLY AND INSTALLATION OF WIND TURBINE GENERATORS (WTG) FOR ISTS CONNECTED WIND ENERGY PROJECT WITH NOMINAL CAPACITY OF 813 MW (271 WTG) IN BELLARY, KARNATAKA",Renewable Energy,10/09/2026,https://ntpctender.ntpc.co.in/NITDetails/NITs/29708,type=Live Tenders
