sno,organisation,tender_count
1,Aligarh Muslim University,9
2,All India Council for Technical Education,1
3,All India Institute of Medical Science-Nagpur,1
4,All India Institute of Medical Science-New Delhi,23
5,All India Institute of Medical Sciences Bathinda,2
6,All India Institute of Medical Sciences-Bhopal,12
7,All India Institute of Medical Sciences-Bhubaneswar,2
8,All india Institute of Medical Sciences Bilaspur,3
9,All India Institute of Medical Sciences- Deoghar,1
10,All India Institute of Medical Sciences-Jodhpur,2
11,All India Institute of Medical Sciences-Mangalagiri-Andhra Pradesh,8
12,All India Institute of Medical Sciences-Patna,20
13,All India Institute of Medical Sciences-Raipur,9
14,All India Institute of Medical Sciences-Rishikesh,21
15,All India Institute of Physical Medicine and Rehabilitation,2
16,All India Institute of Speech and Hearing,1
17,Andaman Lakshadweep Harbour Works,13
18,Archaeological Survey of India,119
19,Aryabhatta Research Institute of Observational Sciences,1
20,Assam Rifles - MHA,55
21,Atomic Minerals Directorate for Exploration and Research,7
22,Automotive Research Association of India,4
23,Babasaheb Bhimrao Ambedkar University - Lucknow,1
24,Banaras Hindu University,13
25,Bhabha Atomic Research Centre,40
26,Bharat Sanchar Nigam Limited,2
27,Bridge and Roof Company (India) Limited,7
28,Central Board of Secondary Education,1
29,Central Cottage Industries Corporation of India Ltd.,2
30,Central Council for Research in Homoeopathy,2
31,Central Council for Research in Yoga and Naturopathy,2
32,Central Medical Services Society,4
33,Central University of Haryana,1
34,Central University of Jammu,2
35,Central University of Rajasthan,4
36,Central University of Tamil Nadu,4
37,Central Water and Power Research Station,4
38,Central Water Commission- DoWR RD and GR,3
39,Central Wool Development Board,1
40,Centre for Development of Telematics,2
41,Chennai Metro Rail Limited,10
42,Chittaranjan National Cancer Institute - Kolkata,3
43,Defence Research and Development Organisation,69
44,Delhi Development Authority,81
45,Delhi Metro Rail Corporation Limited,28
46,Delhi University,48
47,Department of Agricultural Research and Education,32
48,Department of Agricultural Research and Education - ADB Tenders,2
49,Department of Atomic Energy,11
50,Department of Biotechnology,1
51,Department of Electronics and Information Technology(DeitY),5
52,Department of Empowerment of Persons with Disabilities,1
53,Department of Fertilisers,2
54,Department of Financial Services,1
55,Department of Heavy Industry,1
56,Department of Industrial Policy and Promotion,1
57,Department of Industrial Training and Employment,2
58,Department of Pharmaceuticals,2
59,Department of Posts,73
60,Department of Revenue,15
61,Department of Science and Technology,1
62,Development Commissioner for Handlooms,4
63,Development Monitoring and Evaluation Office,1
64,"DG,BSF,MHA",93
65,"DG,CRPF,MHA",20
66,"DG, Indo-Tibetan Border Police Force",43
67,"DG,National Security Guard,MHA",5
68,"DG Sashastra Seema Bal,MHA",14
69,Directorate General NDRF,3
70,Directorate General of Hydrocarbons,8
71,Directorate General of Lighthouses and Lightships,29
72,Directorate General of Shipping,5
73,Directorate General of Training,6
74,Directorate of Construction Services and Estate Management,5
75,Directorate of Purchase and Stores,7
76,Director-Indian Institute of Technology(IIT Delhi),8
77,"Dir. Gen. Defence Estates,HQ",61
78,Dr.B.R.Ambedkar National Institute of Technology-Jalandhar,5
79,Dr. Ram Manohar Lohia Hospital,5
80,Dr. Syama Prasad Mookerjee - National Institute of Water and Sanitation (SPM-NIWAS),2
81,Employees State Insurance Corporation,51
82,"Engineers India Limited,MoPNG",56
83,ESSO-INCOIS,2
84,Food Corporation of India,24
85,Food Safety and Standards Authority of India,1
86,Gati Shakti Vishwavidyalaya,1
87,General Services Organisation (GSO),9
88,Geological Survey of India,1
89,Government of Gujarat,1
90,Heavy Water Board,21
91,Hindustan Organic Chemicals Limited,5
92,Hindustan Urvarak and Rasayan Limited,7
93,IIT BHUBANESWAR,4
94,Indian Institute of Astrophysics,1
95,Indian Institute of Engineering Science and Technology - Shibpur,1
96,Indian Institute of Information Technology Allahabad,1
97,Indian Institute Of Information Technology Design and Manufacturing Kurnool,1
98,Indian Institute of Information Technology Pune,1
99,Indian Institute of Management Ahmedabad,1
100,INDIAN INSTITUTE OF MANAGEMENT CALCUTTA,1
101,Indian Institute of Management Jammu,2
102,Indian Institute of Management Lucknow,3
103,Indian Institute of Management Mumbai,1
104,Indian Institute of Management Ranchi,1
105,Indian Institute of Management Sirmaur,1
106,Indian Institute of Management Tiruchirappalli,8
107,Indian Institute of Management Udaipur,2
108,Indian Institute of Science - Bangalore,2
109,Indian Institute of Science Bangalore - World Bank Tenders,2
110,Indian Institute of Science Education and Research Bhopal,6
111,Indian Institute of Science Education and Research - Kolkata,11
112,Indian Institute of Science Education and Research - Mohali,7
113,Indian Institute of Science Education and Research - Pune,2
114,Indian Institute of Science Education and Research - Thiruvananthapuram,8
115,Indian Institute of Science Education and Research - Tirupati,3
116,Indian Institute of Technology Bhilai,6
117,Indian Institute of Technology(BHU) Varanasi,3
118,Indian institute of Technology - Dharwad,2
119,Indian Institute of Technology Gandhinagar,5
120,Indian Institute of Technology Guwahati,10
121,Indian Institute of Technology - Hyderabad,12
122,Indian Institute of Technology Indore,4
123,Indian Institute of Technology(ISM) Dhanbad,6
124,Indian Institute of Technology Jammu,3
125,Indian Institute of Technology Jodhpur,3
126,Indian Institute of Technology Kanpur,17
127,Indian Institute of Technology Kharagpur,19
128,Indian Institute of Technology Mandi,7
129,Indian Institute of Technology Patna,6
130,Indian Institute of Technology Roorkee,52
131,Indian Institute of Technology Ropar,6
132,Indian Institute of Technology Tirupati,11
133,Indian Maritime University,1
134,Indian Ports Association,1
135,Indian Statistical Institute - Kolkata,1
136,India Semiconductor Mission,1
137,India Trade Promotion Organisation,2
138,Indira Gandhi Centre for Atomic Research,12
139,Indira Gandhi National Centre for the Arts,2
140,Indira Gandhi National Open University,1
141,Indira Gandhi Rashtriya Manav Sangrahalaya,1
142,"Inland Waterways Authority of India,MoS",20
143,Institute for Plasma Research,3
144,Institute of Actuaries of India,1
145,International Centre For Automotive Technology,2
146,Inter University Accelerator Centre,1
147,Inter-University Centre for Astronomy and Astrophysics,1
148,ITER-India,1
149,Jamia Millia Islamia,10
150,Jawaharlal Institute of Postgraduate Medical Education and Research JIPMER- Puducherry Central Autonomous Body under MOH and FW- GOI),5
151,Jawaharlal Nehru Port Trust,8
152,Jawaharlal Nehru University,2
153,Kolkata Port Trust,25
154,Land Ports Authority of India,2
155,LGB Regional Institute of Mental Health,1
156,Mahatma Gandhi Institute of Medical Sciences,40
157,Maulana Azad National Institute of Technology,2
158,MEPZ-SEZ Authority,2
159,Ministry of  Drinking Water and Sanitation,3
160,Ministry of Railways - World Bank Tenders,3
161,Ministry of Road Transport and Highways,268
162,Ministry of Shipping,42
163,Mormugao Port Authority,2
164,Mumbai Port Trust,18
165,Narcotics Control Bureau (HQ),1
166,"National Aluminium Company Limited,NALCO",9
167,National Bank for Agriculture and Rural Development (NABARD),4
168,National Centre for Antarctic and Ocean Research,1
169,National Commission for Women,7
170,National Council of Science Museums,8
171,National Forensic Sciences University,13
172,National Highways and Infrastructure Development Corporation,30
173,National Institute for Micro Small and Medium Enterprises,1
174,National Institute for the Mentally Handicapped,1
175,National Institute of Ayurveda,1
176,National Institute of Biomedical Genomics,1
177,National Institute of Fashion Technology,3
178,National Institute of Food Technology Entrepreneurship and Management,1
179,National Institute of Homeopathy,1
180,National Institute of Ocean Technology,6
181,National Institute of Open Schooling,1
182,National Institute of Science Education and Research - Odisha,1
183,National Institute of Technology Agartala,8
184,National Institute of Technology Calicut,10
185,National Institute of Technology Goa,1
186,National Institute of Technology Hamirpur,3
187,National Institute of Technology Karnataka,5
188,National Institute of Technology Kurukshetra,4
189,National Institute of Technology Puducherry,1
190,National Institute of Technology Rourkela,6
191,National Institute of Technology Tiruchirappalli,8
192,National Institute of Technology Warangal,1
193,National Internet Exchange of India,1
194,National Mission for Clean Ganga,1
195,National Project Implementation Unit - World Bank Tenders,7
196,Navodaya Vidyalaya Samiti,3
197,New Mangalore Port Trust,18
198,NHDC Ltd.,8
199,NHPC Limited,47
200,NITCON Limited,2
201,NITTTR Chennai,1
202,Nuclear Fuel Complex,9
203,Nuclear Recycle Board,21
204,Numaligarh Refinery Limited,13
205,Office of the CAG of India,2
206,Postgraduate Institute of Medical and Education and Research Chandigarh,17
207,President Secretariat,1
208,"Projects and Development India Limited, Fert",4
209,Raja Ramanna Centre for Advanced Technology Indore,4
210,Rajasthan Electronics and Instruments Limited,3
211,Rajiv Gandhi Centre for Aquaculture (RGCA),2
212,Rashtriya Chemicals and Fertilizers Ltd.,10
213,Regional Centre for Urban and Environmental Studies-Lucknow,2
214,Registrar General - India,1
215,ReserveBank Information technology Pvt Ltd.,3
216,Sahitya Akademi,1
217,School of Planning and Architecture - Vijayawada,1
218,Semi-Conductor Laboratory (SCL),3
219,SINDHU RESETTLEMENT CORPORATION LIMITED,1
220,Sports Authority of India,14
221,Staff Selection Commission,1
222,Survey of India,2
223,S. V. National Institute of Technology-Surat,2
224,Tata Institute of Social Sciences,1
225,Tata Memorial Centre,31
226,Tezpur University,3
227,THDC India Limited,8
228,The Fertilisers And Chemicals Travancore Ltd.,26
229,Tripura University,1
230,University of Allahabad,4
231,University of Hyderabad,2
232,Variable Energy Cyclotron Centre,2
233,VMMC and Safdarjung Hospital,1
234,Water Resource Department,1
235,Zoological Survey of India,1
