value,location
,Location
56,A&N Islands Solar P.V. Project
57,Anantpur Solar PV
61,Anta Gas Power Project
116,ASHVINI (AnuShatki Vidhyut Nigam) Ltd.
43,Auraiya Gas Power Project
13,Badarpur TPS
34,Barauni Thermal Power Station
32,Barh Thermal Power Plant
104,"BCPP (NTPC Managed), Chhattisgarh"
99,BESCL Corporate Centre
65,Bhadla Solar PV (4 X 65 MW)
77,Bhartiya Rail Bijlee Company Limited (Subsidiary)
45,Bilhaur Solar PV (140 MW)
38,Bongaigaon Thermal Power Project
85,Central Procurement Cell
106,Central Procurement Cell (Raipur CG)
10,Chatti-Bariatu Coal Mining Project
5,Coal Mining HQ-Ranchi
112,Company Secretary Department
4,Consultancy
114,Consultancy (Noida)
1,Corporate Contracts
86,"Corporate Internal Audit, New Delhi"
2,"Corporate Materials (EOC, Scope, PMI, NETRA)"
15,Dadri Gas Power Project
39,Darlipali STPP
11,DBF HQ
23,Devikot Solar PV Project (150MW)
7,Dulanga Coal Mining Project
28,ER1 HQ Patna
35,ERHQ-II Bhubneshwar
59,Ettayapuram Solar PV -230MW
30,Farakka Super Thermal Power Project
16,Faridabad Gas Power Project
25,Fatehgarh Solar PV Project-296MW
108,Feroz Gandhi Unchahar Thermal
87,"Finance Commercial, Corporate Center, Delhi"
72,Gadarwara Super Thermal Power Plant
88,Gajmara
3,HR Contract Delhi
12,Hydro HQ
81,IGSTPP: Aravali Power Copany Private Limited-Jhajjar (JV)
22,Jetsar Solar PV Project (160MW)
95,JV OF NTPC Ltd and BPDB
31,Kahalgaon Super Thermal Power
76,Kanti Bijlee Utpadan Nigam Limited (Subsidiary)
62,Kawas Gas Power Project
9,Kerendari Coal Mining Project
74,Khargone STPP
17,Koldam Hydro Power Project
101,Korba Super Thermal Power Project
55,Kudgi STPP
19,Lahorinag Palahydro Project
71,Lara STPP
21,Lata Tapovan
75,Mandsaur Solar PV (5X50 MW)
54,Mangalore Super Thermal Power
78,Meja Urja Nigam Private Limited (JV)
70,Mouda Super Thermal Power
110,Muzaffarpur Thermal Power Station
80,Nabinagar Power Generating Company (P) Limited (NPGC-JV)
14,National Capital Dadri Thermal
98,NESCL - NTPC Electric Supply Company Limited
97,"NHL - NTPC Hydro Ltd., Noida"
26,Nokhra Solar PV Project-300MW
33,North Karanpura Thermal Power
40,"NR HQ,Lucknow"
89,NSPCL - Durgapur
90,NSPCL - Head Quarter
91,NSPCL - Rourkela
100,NSPCL Corporate Centre
82,NTECL: NTPC TamilNadu Energy Company Ltd.
118,NTPC Bangalore
111,"NTPC EOC, Secunderabad"
113,NTPC Green Energy Ltd. (NGEL)
63,NTPC Jhanor-Gandhar Gas Power Project
115,NTPC Project Engineering (PE-Meja)
84,NTPC-SAIL Power Company Limited (NSPCL) - Bhilai
105,NVVNL - NTPC Vidyut Vyapar Nigam Ltd.
6,Pakri Barwadih
92,"Pan Asian Renewables Pvt. Limited, (A JV of NTPC Limited, ADB & Kyushu Japan)"
79,Patratu Vidyut Utpadan Nigam Limited (Subsidiary)
93,"Procurement Department, NOIDA"
102,"Procurement Department, SCOPE, New Delhi"
73,Rajgarh Solar PV
52,Rajiv Gandhi CCPP
51,Ramagundam Super Thermal Power
20,Rammam Hydro Power Project
94,Renewable Energy
83,RGPPL : Ratnagiri Gas and Power Pvt. Ltd.
48,Rihand Super Thermal Power Project
66,Rojmal Wind Energy Project
96,Rupsiyabagar Khasiabara Hydro Power Project (Uttarakhand)
24,Sambhu Ki Bhurj Solar PVP250MW
53,Simhadri Thermal Power Project
47,Singrauli Super Thermal Power
69,Sipat Super Thermal Power Project
64,Solapur STPP
49,SRHQ Hyderabad
46,SSC-NR-Vindhyachal
50,T&CC Office Chennai
29,T&CC Office Kolkata
8,Talaipalli Coal Mining Project
36,Talcher Super Thermal Power Project
37,Talcher Thermal Power Station
42,Tanda Thermal Power Project
18,Tapovan Vishnugadhydro Project
58,Telangana STPP Station
27,Tokala Solar PV Project-300MW
117,Trincomalee Power Company Limited (TPCL)
41,Unchahar Super Thermal Power Project
107,Vendor Development Cell (Raipur CG)
44,Vindhyachal Super Thermal Power
68,Western Region Head Quarter-II
60,WR-I HQ Mumbai
